CVE ID,Title,Description,Technology Area,Vulnerability Type,Access Vector,CVSS Rating,CVSS Score,CVSS String,Affected Chipsets,Affected Software Versions,Bulletin Date,Source URL
CVE-2025-71251,Improper Input Validation in Modem IMS,"In IMS, there is a possible system crash due to improper input validation. This could lead to remote denial of service with no additional execution privileges needed.",Modem,cwe-20 Improper Input Validation,Network,High,7.5,CVSS:3.1/AV:N/AC:L/PR:N/UI:N/S:U/C:N/I:N/A:H,SC7731E/SC9832E/SC9863A/T310/T610/T618/T7200/T7225/T7250/T7255/T7280/T7300/T8100/T9100/T8200/T8300,Android13/Android14/Android15/Android16,2026-05-06,https://www.unisoc.com/en/support/product-security-bulletin/2051837111148138498
CVE-2025-71252,Improper Input Validation in Modem IMS,"In Modem IMS, there is a possible improper input validation. This could lead to remote denial of service with no additional execution privileges needed.",Modem,CWE-20 Improper Input Validation,Network,High,7.5,CVSS:3.1/AV:N/AC:L/PR:N/UI:N/S:U/C:N/I:N/A:H,SC7731E/SC9832E/SC9863A/T310/T610/T618/T7200/T7225/T7250/T7255/T7280/T7300/T8100/T9100/T8200/T8300,Android13/Android14/Android15/Android16,2026-05-06,https://www.unisoc.com/en/support/product-security-bulletin/2051837111148138498
CVE-2025-71253,Improper Input Validation in Modem IMS,"In Modem IMS, there is a possible improper input validation. This could lead to remote denial of service with no additional execution privileges needed.",Modem,CWE-20 Improper Input Validation,Network,High,7.5,CVSS:3.1/AV:N/AC:L/PR:N/UI:N/S:U/C:N/I:N/A:H,SC7731E/SC9832E/SC9863A/T310/T610/T618/T7200/T7225/T7250/T7255/T7280/T7300/T8100/T9100/T8200/T8300,Android13/Android14/Android15/Android16,2026-05-06,https://www.unisoc.com/en/support/product-security-bulletin/2051837111148138498
CVE-2025-71254,Improper Input Validation in Modem IMS,"In Modem IMS, there is a possible improper input validation. This could lead to remote denial of service with no additional execution privileges needed.",Modem,CWE-20 Improper Input Validation,Network,High,7.5,CVSS:3.1/AV:N/AC:L/PR:N/UI:N/S:U/C:N/I:N/A:H,SC7731E/SC9832E/SC9863A/T310/T610/T618/T7200/T7225/T7250/T7255/T7280/T7300/T8100/T9100/T8200/T8300,Android13/Android14/Android15/Android16,2026-05-06,https://www.unisoc.com/en/support/product-security-bulletin/2051837111148138498
CVE-2025-71255,Improper Input Validation in Modem IMS,"In Modem IMS, there is a possible improper input validation. This could lead to remote denial of service with no additional execution privileges needed.",Modem,CWE-20 Improper Input Validation,Network,High,7.5,CVSS:3.1/AV:N/AC:L/PR:N/UI:N/S:U/C:N/I:N/A:H,SC7731E/SC9832E/SC9863A/T310/T610/T618/T7200/T7225/T7250/T7255/T7280/T7300/T8100/T9100/T8200/T8300,Android13/Android14/Android15/Android16,2026-05-06,https://www.unisoc.com/en/support/product-security-bulletin/2051837111148138498
CVE-2025-71256,Improper Input Validation in nr Modem,"In nr modem, there is a possible improper input validation. This could lead to remote denial of service with no additional execution privileges needed.",Modem,CWE-20 Improper Input Validation,Network,High,7.5,CVSS:3.1/AV:N/AC:L/PR:N/UI:N/S:U/C:N/I:N/A:H,T8100/T9100/T8200/T8300,Android13/Android14/Android15/Android16,2026-05-06,https://www.unisoc.com/en/support/product-security-bulletin/2051837111148138498
CVE-2025-61611,"Improper Input Validation,in modem","In modem, there is a possible improper input validation. This could lead to remote denial of service with no additional execution privileges needed",Modem,cwe-20 Improper Input Validation,Network,High,7.5,CVSS:3.1/AV:N/AC:L/PR:N/UI:N/S:U/C:N/I:N/A:H,UDX710,Yocto,2026-03-01,https://www.unisoc.com/en/support/product-security-bulletin/2030931971226652673
CVE-2025-61612,"Improper Input Validation,in nr modem","In nr modem, there is a possible system crash due to improper input validation. This could lead to remote denial of service with no additional execution privileges needed",Modem,cwe-20 Improper Input Validation,Network,High,7.5,CVSS:3.1/AV:N/AC:L/PR:N/UI:N/S:U/C:N/I:N/A:H,T7300/T8100/T9100/T8200/T8300,Android13/Android14/Android15/Android16,2026-03-01,https://www.unisoc.com/en/support/product-security-bulletin/2030931971226652673
CVE-2025-61613,"Improper Input Validation,in nr modem","In nr modem, there is a possible system crash due to improper input validation. This could lead to remote denial of service with no additional execution privileges needed",Modem,cwe-20 Improper Input Validation,Network,High,7.5,CVSS:3.1/AV:N/AC:L/PR:N/UI:N/S:U/C:N/I:N/A:H,T8100/T9100/T8200/T8300,Android13/Android14/Android15/Android16,2026-03-01,https://www.unisoc.com/en/support/product-security-bulletin/2030931971226652673
CVE-2025-61614,"Improper Input Validation,in nr modem","In nr modem, there is a possible system crash due to improper input validation. This could lead to remote denial of service with no additional execution privileges needed",Modem,cwe-20 Improper Input Validation,Network,High,7.5,CVSS:3.1/AV:N/AC:L/PR:N/UI:N/S:U/C:N/I:N/A:H,T7300/T8100/T9100/T8200/T8300,Android13/Android14/Android15/Android16,2026-03-01,https://www.unisoc.com/en/support/product-security-bulletin/2030931971226652673
CVE-2025-61615,"Improper Input Validation,in nr modem","In nr modem, there is a possible system crash due to improper input validation. This could lead to remote denial of service with no additional execution privileges needed",Modem,cwe-20 Improper Input Validation,Network,High,7.5,CVSS:3.1/AV:N/AC:L/PR:N/UI:N/S:U/C:N/I:N/A:H,T8100/T9100/T8200/T8300,Android13/Android14/Android15/Android16,2026-03-01,https://www.unisoc.com/en/support/product-security-bulletin/2030931971226652673
CVE-2025-61616,"Improper Input Validation,in nr modem","In nr modem, there is a possible system crash due to improper input validation. This could lead to remote denial of service with no additional execution privileges needed",Modem,cwe-20 Improper Input Validation,Network,High,7.5,CVSS:3.1/AV:N/AC:L/PR:N/UI:N/S:U/C:N/I:N/A:H,T8100/T9100/T8200/T8300,Android13/Android14/Android15/Android16,2026-03-01,https://www.unisoc.com/en/support/product-security-bulletin/2030931971226652673
CVE-2025-69278,"Improper Input Validation,in nr modem","In nr modem, there is a possible system crash due to improper input validation. This could lead to remote denial of service with no additional execution privileges needed",Modem,cwe-20 Improper Input Validation,Network,High,7.5,CVSS:3.1/AV:N/AC:L/PR:N/UI:N/S:U/C:N/I:N/A:H,T7300/T8100/T9100/T8200/T8300,Android13/Android14/Android15/Android16,2026-03-01,https://www.unisoc.com/en/support/product-security-bulletin/2030931971226652673
CVE-2025-69279,"Improper Input Validation,in nr modem","In nr modem, there is a possible system crash due to improper input validation. This could lead to remote denial of service with no additional execution privileges needed",Modem,cwe-20 Improper Input Validation,Network,High,7.5,CVSS:3.1/AV:N/AC:L/PR:N/UI:N/S:U/C:N/I:N/A:H,T8100/T9100/T8200/T8300,Android13/Android14/Android15/Android16,2026-03-01,https://www.unisoc.com/en/support/product-security-bulletin/2030931971226652673
CVE-2025-61610,Improper Input Validation in nr modem,"In nr modem, there is a possible system crash due to improper input validation. This could lead to remote denial of service with no additional execution privileges needed.",Modem,CWE-20 Improper Input Validation,Network,High,7.5,CVSS:3.1/AV:N/AC:L/PR:N/UI:N/S:U/C:N/I:N/A:H,T8100/T8200/T8300/T9100,Android13/Android14/Android15/Android16,2025-12-01,https://www.unisoc.com/en/support/product-security-bulletin/1995394778865586178
CVE-2025-61609,Improper Input Validation in modem,"In modem, there is a possible system crash due to improper input validation. This could lead to remote denial of service with no additional execution privileges needed.",Modem,CWE-20 Improper Input Validation,Network,High,7.5,CVSS:3.1/AV:N/AC:L/PR:N/UI:N/S:U/C:N/I:N/A:H,T8100/T8200/T8300/T9100,Android13/Android14/Android15/Android16,2025-12-01,https://www.unisoc.com/en/support/product-security-bulletin/1995394778865586178
CVE-2025-61608,Improper Input Validation in nr modem,"In nr modem, there is a possible system crash due to improper input validation. This could lead to remote denial of service with no additional execution privileges needed.",Modem,CWE-20 Improper Input Validation,Network,High,7.5,CVSS:3.1/AV:N/AC:L/PR:N/UI:N/S:U/C:N/I:N/A:H,T8100/T8200/T8300/T9100,Android13/Android14/Android15/Android16,2025-12-01,https://www.unisoc.com/en/support/product-security-bulletin/1995394778865586178
CVE-2025-61607,Improper Input Validation in nr modem,"In nr modem, there is a possible system crash due to improper input validation. This could lead to remote denial of service with no additional execution privileges needed.",Modem,CWE-20 Improper Input Validation,Network,High,7.5,CVSS:3.1/AV:N/AC:L/PR:N/UI:N/S:U/C:N/I:N/A:H,T8100/T8200/T8300/T9100,Android13/Android14/Android15/Android16,2025-12-01,https://www.unisoc.com/en/support/product-security-bulletin/1995394778865586178
CVE-2025-61619,Improper Input Validation in nr modem,"In nr modem, there is a possible system crash due to improper input validation. This could lead to remote denial of service with no additional execution privileges needed.",Modem,CWE-20 Improper Input Validation,Network,High,7.5,CVSS:3.1/AV:N/AC:L/PR:N/UI:N/S:U/C:N/I:N/A:H,T8100/T8200/T8300/T9100,Android13/Android14/Android15/Android16,2025-12-01,https://www.unisoc.com/en/support/product-security-bulletin/1995394778865586178
CVE-2025-61618,Improper Input Validation in nr modem,"In nr modem, there is a possible system crash due to improper input validation. This could lead to remote denial of service with no additional execution privileges needed.",Modem,CWE-20 Improper Input Validation,Network,High,7.5,CVSS:3.1/AV:N/AC:L/PR:N/UI:N/S:U/C:N/I:N/A:H,T8100/T8200/T8300/T9100,Android13/Android14/Android15/Android16,2025-12-01,https://www.unisoc.com/en/support/product-security-bulletin/1995394778865586178
CVE-2025-61617,Improper Input Validation in nr modem,"In nr modem, there is a possible system crash due to improper input validation. This could lead to remote denial of service with no additional execution privileges needed.",Modem,CWE-20 Improper Input Validation,Network,High,7.5,CVSS:3.1/AV:N/AC:L/PR:N/UI:N/S:U/C:N/I:N/A:H,T8100/T8200/T8300/T9100,Android13/Android14/Android15/Android16,2025-12-01,https://www.unisoc.com/en/support/product-security-bulletin/1995394778865586178
CVE-2025-3012,Out-of-bounds Read in dpc modem,"In dpc modem, there is a possible system crash due to null pointer dereference. This could lead to remote denial of service with no additional execution privileges needed.",Modem,CWE-125 Out-of-bounds Read,Network,High,7.5,CVSS:3.1/AV:N/AC:L/PR:N/UI:N/S:U/C:N/I:N/A:H,T8100/T8200/T8300/T9100,Android13/Android14/Android15/Android16,2025-12-01,https://www.unisoc.com/en/support/product-security-bulletin/1995394778865586178
CVE-2025-11133,Improper Input Validation in nr modem,"In nr modem, there is a possible system crash due to improper input validation. This could lead to remote denial of service with no additional execution privileges needed.",Modem,CWE-20 Improper Input Validation,Network,High,7.5,CVSS:3.1/AV:N/AC:L/PR:N/UI:N/S:U/C:N/I:N/A:H,T8100/T8200/T8300/T9100,Android13/Android14/Android15/Android16,2025-12-01,https://www.unisoc.com/en/support/product-security-bulletin/1995394778865586178
CVE-2025-11132,Improper Input Validation in nr modem,"In nr modem, there is a possible system crash due to improper input validation. This could lead to remote denial of service with no additional execution privileges needed.",Modem,CWE-20 Improper Input Validation,Network,High,7.5,CVSS:3.1/AV:N/AC:L/PR:N/UI:N/S:U/C:N/I:N/A:H,T8100/T8200/T8300/T9100,Android13/Android14/Android15/Android16,2025-12-01,https://www.unisoc.com/en/support/product-security-bulletin/1995394778865586178
CVE-2025-11131,Improper Input Validation in nr modem,"In nr modem, there is a possible system crash due to improper input validation. This could lead to remote denial of service with no additional execution privileges needed.",Modem,CWE-20 Improper Input Validation,Network,High,7.5,CVSS:3.1/AV:N/AC:L/PR:N/UI:N/S:U/C:N/I:N/A:H,T8100/T8200/T8300/T9100,Android13/Android14/Android15/Android16,2025-12-01,https://www.unisoc.com/en/support/product-security-bulletin/1995394778865586178
CVE-2025-31719,Improper Initialization in TEE EcDSA algorithm,"In TEE EcDSA algorithm, there is a possible memory consistency issue. This could lead to generated incorrect signature results with low probability.",TEE,CWE-665 Improper Initialization,Local,Medium,5.1,CVSS:3.1/AV:L/AC:L/PR:N/UI:N/S:U/C:N/I:L/A:L,SC7731E/SC9832E/SC9863A/T310/T606/T612/T616/T610/T618/T750/T765/T760/T770/T820/S8000/T8300/T9300,Android13/Android14/Android15/Android16,2025-11-01,https://www.unisoc.com/en/support/product-security-bulletin/1987691964768964610
CVE-2025-31718,Improper Input Validation in modem,"In modem, there is a possible system crash due to improper input validation. This could lead to remote escalation of privilege with no additional execution privileges needed.",Modem,CWE-20 Improper Input Validation,Network,High,7.5,CVSS:3.1/AV:N/AC:L/PR:N/UI:N/S:U/C:N/I:N/A:H,T606/T612/T616/T750/T765/T760/T770/T820/S8000/T8300/T9300,Android13/Android14/Android15/Android16,2025-10-01,https://www.unisoc.com/en/support/product-security-bulletin/1976557548919312385
CVE-2025-31717,Improper Input Validation in modem,"In modem, there is a possible system crash due to improper input validation. This could lead to remote denial of service with no additional execution privileges needed.",Modem,CWE-20 Improper Input Validation,Network,High,7.5,CVSS:3.1/AV:N/AC:L/PR:N/UI:N/S:U/C:N/I:N/A:H,T750/T765/T760/T770/T820/S8000/T8300/T9300,Android13/Android14/Android15/Android16,2025-10-01,https://www.unisoc.com/en/support/product-security-bulletin/1976557548919312385
CVE-2025-31716,Stack-based Buffer Overflow in bootloader,"In bootloader, there is a possible out of bounds write due to a missing bounds check. This could lead to local denial of service with no additional execution privileges needed.",Bootloader,CWE-121 Stack Overflow,Local,Medium,5.1,CVSS:3.1/AV:L/AC:L/PR:N/UI:N/S:U/C:N/I:L/A:L,SC7731E/SC9832E/SC9863A/T310/T606/T612/T616/T610/T618/T750/T765/T760/T770/T820/S8000,Android13/Android14/Android15,2025-08-29,https://www.unisoc.com/en/support/product-security-bulletin/1962824241282969602
CVE-2025-31715,Improper Neutralization of Special Elements used in a Command ('Command Injection') in vowifi service,"In vowifi service, there is a possible command injection due to improper input validation. This could lead to remote escalation of privilege with no additional execution privileges needed.",Android,CWE-77 Improper Neutralization of Special Elements used in a Com,Network,Critical,9.8,CVSS:3.1/AV:N/AC:L/PR:N/UI:N/S:U/C:H/I:H/A:H,SL8521E/SL8521ET/ SL8541E/UIS8141E/UWS6137/UWS6137E/UWS6151(E)/UWS6152,Mocor5/Andorid8.1/Andorid9,2025-07-31,https://www.unisoc.com/en/support/product-security-bulletin/1962821562091597826
CVE-2025-31714,Improper Input Validation in Developer Tools,"In Developer Tools, there is a possible missing verification incorrect input. This could lead to local escalation of privilege with no additional execution privileges needed.",Android,CWE-20 Improper Input Validation,Physical,Medium,6.8,CVSS:3.1/AV:P/AC:L/PR:N/UI:N/S:U/C:H/I:H/A:H,SL8521E/SL8521ET/ SL8541E/UIS8141E/UWS6137/UWS6137E/UWS6151(E)/UWS6152,Mocor5/Andorid8.1/Andorid9,2025-07-31,https://www.unisoc.com/en/support/product-security-bulletin/1962821562091597826
CVE-2025-31713,Improper Neutralization of Special Elements used in a Command ('Command Injection') in engineer mode service,"In engineer mode service, there is a possible command injection due to improper input validation. This could lead to local escalation of privilege with no additional execution privileges needed.",Android,CWE-77 Improper Neutralization of Special Elements used in a Com,Local,High,8.4,CVSS:3.1/AV:L/AC:L/PR:N/UI:N/S:U/C:H/I:H/A:H,SL8521E/SL8521ET/ SL8541E/UIS8141E/UWS6137/UWS6137E/UWS6151(E)/UWS6152,Mocor5/Andorid8.1,2025-07-31,https://www.unisoc.com/en/support/product-security-bulletin/1962821562091597826
CVE-2025-31712,Buffer Copy without Checking Size of Input ('Classic Buffer Overflow') in cplog service,"In cplog service, there is a possible out of bounds write due to a missing bounds check. This could lead to local denial of service with no additional execution privileges needed.",Android,CWE-120 Buffer Copy without Checking Size of Input,Local,Medium,5.1,CVSS:3.1/AV:L/AC:L/PR:N/UI:N/S:U/C:N/I:L/A:L,SC7731E/SC9832E/SC9863A/T310/T606/T612/T616/T610/T618/T750/T765/T760/T770/T820/S8000/T8300/T9300,Android13/Android14/Android15,2025-06-30,https://www.unisoc.com/en/support/product-security-bulletin/1962807136177254401
CVE-2025-31711,NULL Pointer Dereference in cplog service,"In cplog service, there is a possible system crash due to null pointer dereference. This could lead to local denial of service with no additional execution privileges needed.",Android,CWE-476 NULL Pointer Dereference,Local,Medium,5.1,CVSS:3.1/AV:L/AC:L/PR:N/UI:N/S:U/C:N/I:L/A:L,SC7731E/SC9832E/SC9863A/T310/T606/T612/T616/T610/T618/T750/T765/T760/T770/T820/S8000/T8300/T9300,Android13/Android14/Android15,2025-06-30,https://www.unisoc.com/en/support/product-security-bulletin/1962807136177254401
CVE-2025-31710,Improper Neutralization of Special Elements used in a Command ('Command Injection') in engineermode service,"In engineermode service, there is a possible command injection due to improper input validation. This could lead to local escalation of privilege with no additional execution privileges needed.",Android,CWE-77 Improper Neutralization of Special Elements used in a Com,Local,Medium,5.9,CVSS:3.1/AV:L/AC:L/PR:N/UI:N/S:U/C:L/I:L/A:L,SC9863A/T606/T612/T616/T750/T765/T760/T770/T820/S8000/T8300/T9300,Android13/Android14/Android15,2025-06-30,https://www.unisoc.com/en/support/product-security-bulletin/1962807136177254401
CVE-2024-39442,Missing Authorization in sprd ssense service,"In sprd ssense service, there is a possible missing permission check. This could lead to local information disclosure with no additional execution privileges needed.",Android,CWE-862 Missing Authorization,Local,Medium,6.2,CVSS:3.1/AV:L/AC:L/PR:N/UI:N/S:U/C:H/I:N/A:N,SC7731E/SC9832E/SC9863A/T310/T606/T612/T616/T610/T618/T750/T765/T760/T770/T820/S8000/T8300/T9300,Android13/Android14/Android15,2025-05-30,https://www.unisoc.com/en/support/product-security-bulletin/1962804268867153921
CVE-2024-39441,Exposure of Sensitive Information to an Unauthorized Actor in wifi display,"In wifi display, there is a possible missing permission check. This could lead to local escalation of privilege with no additional execution privileges needed.",Android,CWE-200 Information Disclosure,Local,High,7.1,CVSS:3.1/AV:L/AC:L/PR:N/UI:R/S:U/C:H/I:H/A:N,T310/T606/T612/T616/T610/T618/T750/T765/T760/T770/T820/S8000,Android13/Android14/Android15,2025-02-01,https://www.unisoc.com/en/support/product-security-bulletin/1902334131715072001
CVE-2024-39440,NULL Pointer Dereference in DRM service,"In DRM service, there is a possible system crash due to null pointer dereference. This could lead to local denial of service with System execution privileges needed.",Android,CWE-476 NULL Pointer Dereference,Local,Medium,6.2,CVSS:3.1/AV:L/AC:L/PR:N/UI:N/S:U/C:N/I:N/A:H,T606/T612/T616/T610/T618/T760/T770/T820/S8000,Android13/Android14,2024-10-01,https://www.unisoc.com/en/support/product-security-bulletin/1902299187609493506
CVE-2024-39439,Out-of-bounds Write in DRM service,"In DRM service, there is a possible out of bounds write due to a missing bounds check. This could lead to local denial of service with System execution privileges needed.",Android,cwe-787 Out-of-bounds Write,Local,Medium,6.2,CVSS:3.1/AV:L/AC:L/PR:N/UI:N/S:U/C:N/I:N/A:H,T606/T612/T616/T610/T618/T760/T770/T820/S8000,Android13/Android14,2024-10-01,https://www.unisoc.com/en/support/product-security-bulletin/1902299187609493506
CVE-2024-39438,Improper Neutralization of Special Elements used in a Command ('Command Injection') in linkturbonative service,"In linkturbonative service, there is a possible command injection due to improper input validation. This could lead to local escalation of privilege with System execution privileges needed.",Android,CWE-77 Command Injection,Local,Medium,6.5,CVSS:3.1/AV:L/AC:L/PR:H/UI:R/S:U/C:H/I:H/A:H,SC7731E/SC9832E/SC9863A/T310/T606/T612/T616/T610/T618/T760/T770/T820/S8000,Android13/Android14,2024-10-01,https://www.unisoc.com/en/support/product-security-bulletin/1902299187609493506
CVE-2024-39437,Improper Neutralization of Special Elements used in a Command ('Command Injection') in linkturbonative service,"In linkturbonative service, there is a possible command injection due to improper input validation. This could lead to local escalation of privilege with System execution privileges needed.",Android,CWE-77 Command Injection,Local,Medium,6.5,CVSS:3.1/AV:L/AC:L/PR:H/UI:R/S:U/C:H/I:H/A:H,SC7731E/SC9832E/SC9863A/T310/T606/T612/T616/T610/T618/T760/T770/T820/S8000,Android13/Android14,2024-10-01,https://www.unisoc.com/en/support/product-security-bulletin/1902299187609493506
CVE-2024-39436,Improper Neutralization of Special Elements used in a Command ('Command Injection') in linkturbonative service,"In linkturbonative service, there is a possible command injection due to improper input validation. This could lead to local escalation of privilege with System execution privileges needed.",Android,CWE-77 Command Injection,Local,Medium,6.5,CVSS:3.1/AV:L/AC:L/PR:H/UI:R/S:U/C:H/I:H/A:H,SC7731E/SC9832E/SC9863A/T310/T606/T612/T616/T610/T618/T760/T770/T820/S8000,Android13/Android14,2024-10-01,https://www.unisoc.com/en/support/product-security-bulletin/1902299187609493506
CVE-2024-39435,Improper Neutralization of Special Elements used in a Command ('Command Injection') in Logmanager service,"In Logmanager service, there is a possible missing verification incorrect input. This could lead to local escalation of privilege with no additional execution privileges needed.",Android,CWE-77 Improper Neutralization of Special Elements used in a Com,Local,Medium,6.5,CVSS:3.1/AV:L/AC:L/PR:H/UI:R/S:U/C:H/I:H/A:H,SC7731E/SC9832E/SC9863A/T310/T606/T612/T616/T610/T618/T760/T770/T820/S8000,Android12/Android13/Android14,2024-09-03,https://www.unisoc.com/en/support/product-security-bulletin/1902280797914292225
CVE-2024-39434,Out-of-bounds Read in drm service,"In drm service, there is a possible out of bounds read due to a missing bounds check. This could lead to local denial of service with System execution privileges needed.",Android,CWE-125 Out-of-bounds Read,Local,Medium,6.2,CVSS:3.1/AV:L/AC:L/PR:N/UI:N/S:U/C:N/I:N/A:H,T606/T612/T616/T610/T618/T760/T770/T820/S8000,Android13/Android14,2024-09-03,https://www.unisoc.com/en/support/product-security-bulletin/1902280797914292225
CVE-2024-39433,Out-of-bounds Write in drm service,"In drm service, there is a possible out of bounds write due to a missing bounds check. This could lead to local denial of service with System execution privileges needed.",Android,CWE-121 Out-of-bounds write,Local,Medium,6.2,CVSS:3.1/AV:L/AC:L/PR:N/UI:N/S:U/C:N/I:N/A:H,T606/T612/T616/T610/T618/T760/T770/T820/S8000,Android13/Android14,2024-09-03,https://www.unisoc.com/en/support/product-security-bulletin/1902280797914292225
CVE-2024-39432,Stack-based Buffer Overflow in UMTS RLC driver,"In UMTS RLC driver, there is a possible out of bounds read due to a missing bounds check. This could lead to remote denial of service with System execution privileges needed.",Adjacent,CWE-121 Stack Overflow,Adjacent,High,8.3,CVSS:3.1/AV:A/AC:H/PR:N/UI:N/S:C/C:H/I:H/A:H,SC7731E/SC9832E/SC9863A/T310/T606/T612/T616/T610/T618/T760/T770/T820/S8000,Android12/Android13/Android14,2024-09-03,https://www.unisoc.com/en/support/product-security-bulletin/1902280797914292225
CVE-2024-39431,Stack-based Buffer Overflow in UMTS RLC driver,"In UMTS RLC driver, there is a possible out of bounds write due to a missing bounds check. This could lead to remote denial of service with System execution privileges needed.",Modem,CWE-121 Out-of-bounds write,Adjacent,High,8.3,CVSS:3.1/AV:A/AC:H/PR:N/UI:N/S:C/C:H/I:H/A:H,SC7731E/SC9832E/SC9863A/T310/T606/T612/T616/T610/T618/T760/T770/T820/S8000,Android12/Android13/Android14,2024-09-03,https://www.unisoc.com/en/support/product-security-bulletin/1902280797914292225
CVE-2024-39430,Out-of-bounds Write in faceid servive,"In faceid servive, there is a possible out of bounds write due to a missing bounds check. This could lead to local denial of service with no additional execution privileges needed.",Android,CWE-787 Out-of-bounds Write,Local,Medium,5.1,CVSS:3.1/AV:L/AC:L/PR:N/UI:N/S:U/C:N/I:L/A:L,SC7731E/SC9832E/SC9863A/T310/T606/T612/T616/T610/T618,Android12,2024-07-01,https://www.unisoc.com/en/support/product-security-bulletin/1807578777744637953
CVE-2024-39429,Out-of-bounds Write in faceid servive,"In faceid servive, there is a possible out of bounds write due to a missing bounds check. This could lead to local denial of service with no additional execution privileges needed.",Android,CWE-787 Out-of-bounds Write,Local,Medium,5.1,CVSS:3.1/AV:L/AC:L/PR:N/UI:N/S:U/C:N/I:L/A:L,SC7731E/SC9832E/SC9863A/T310/T606/T612/T616/T610/T618,Android12,2024-07-01,https://www.unisoc.com/en/support/product-security-bulletin/1807578777744637953
CVE-2024-39428,Out-of-bounds Write in trusty service,"In trusty service, there is a possible out of bounds write due to a missing bounds check. This could lead to local denial of service with System execution privileges needed.",Android,CWE-787 Out-of-bounds Write,Local,Medium,6.8,CVSS:3.1/AV:L/AC:L/PR:N/UI:N/S:U/C:N/I:L/A:H,SC7731E/SC9832E/SC9863A/T310/T606/T612/T616/T610/T618/T760/T770/T820/S8000,Android12/Android13/Android14,2024-07-01,https://www.unisoc.com/en/support/product-security-bulletin/1807578777744637953
CVE-2024-39427,Out-of-bounds Write in trusty service,"In trusty service, there is a possible out of bounds write due to a missing bounds check. This could lead to local denial of service with System execution privileges needed.",Android,CWE-787 Out-of-bounds Write,Local,Medium,5.1,CVSS:3.1/AV:L/AC:L/PR:N/UI:N/S:U/C:N/I:L/A:L,SC7731E/SC9832E/SC9863A/T310/T606/T612/T616/T610/T618/T760/T770/T820/S8000,Android12/Android13/Android14,2024-07-01,https://www.unisoc.com/en/support/product-security-bulletin/1807578777744637953
CVE-2023-52536,Out-of-bounds Read in faceid service,"In faceid service, there is a possible out of bounds read due to a missing bounds check. This could lead to local denial of service with System execution privileges needed.",Android,CWE-125 Out-of-bounds Read,Local,Medium,4.4,CVSS:3.1/AV:L/AC:L/PR:L/UI:N/S:U/C:N/I:L/A:L,SC7731E/SC9832E/SC9863A/T310/T606/T612/T616/T610/T618/T760/T770/T820/S8000,Android12/Android13/Android14,2024-04-08,https://www.unisoc.com/en/support/product-security-bulletin/1777151378649579521
CVE-2023-52535,Improper Input Validation in vsp driver,"In vsp driver, there is a possible missing verification incorrect input. This could lead to local denial of service with no additional execution privileges needed.",Android,CWE-20 Improper Input Validation,Local,Medium,6.2,CVSS:3.1/AV:L/AC:L/PR:N/UI:N/S:U/C:N/I:N/A:H,SC7731E/SC9832E/SC9863A/T310/T610/T618,Android12/Android13,2024-04-08,https://www.unisoc.com/en/support/product-security-bulletin/1777151378649579521
CVE-2023-52534,Improper Check or Handling of Exceptional Conditions in ngmm,"In ngmm, there is a possible undefined behavior due to incorrect error handling. This could lead to remote denial of service with no additional execution privileges needed.",Modem,CWE-703 Improper Check or Handling of Exceptional Conditions,Network,Medium,5.9,CVSS:3.1/AV:N/AC:H/PR:N/UI:N/S:U/C:N/I:N/A:H,T760/T770/T820/S8000,Android12/Android13/Android14,2024-04-08,https://www.unisoc.com/en/support/product-security-bulletin/1777151378649579521
CVE-2023-52533,Unchecked Error Condition in modem-ps-nas-ngmm,"In modem-ps-nas-ngmm, there is a possible undefined behavior due to incorrect error handling. This could lead to remote information disclosure no additional execution privileges needed.",Modem,CWE-391 Unchecked Error Condition,Network,Medium,5.3,CVSS:3.1/AV:N/AC:L/PR:N/UI:N/S:U/C:N/I:N/A:L,T760/T770/T820/S8000,Android12/Android13/Android14,2024-04-08,https://www.unisoc.com/en/support/product-security-bulletin/1777151378649579521
CVE-2024-23658,Use After Free in camera driver,"In camera driver, there is a possible use after free due to a logic error. This could lead to local denial of service with System execution privileges needed.",Kernel,CWE-416 Use After Free,Local,Medium,6.2,CVSS:3.1/AV:L/AC:L/PR:N/UI:N/S:U/C:N/I:N/A:H,SC7731E/SC9832E/SC9863A/T310/T606/T612/T616/T610/T618/T760/T770/T820/S8000,Android12/Android13/Android14,2024-03-01,https://www.unisoc.com/en/support/product-security-bulletin/1777154355737198594
CVE-2023-52352,Missing Authorization in Network Adapter Service,"In Network Adapter Service, there is a possible missing permission check. This could lead to local denial of service with no additional execution privileges needed.",Android,cwe-862 Missing Authorization,Local,Medium,6.3,CVSS:3.1/AV:L/AC:L/PR:N/UI:R/S:C/C:N/I:N/A:H,SC7731E/SC9832E/SC9863A/T310/T606/T612/T616/T610/T618/T760/T770/T820/S8000,Android13/Android14,2024-03-01,https://www.unisoc.com/en/support/product-security-bulletin/1777154355737198594
CVE-2023-52351,Out-of-bounds Write in ril service,"In ril service, there is a possible out of bounds write due to a missing bounds check. This could lead to local denial of service with System execution privileges needed.",Android,CWE-787 Out-of-bounds Write,Local,Medium,5.5,CVSS:3.1/AV:L/AC:L/PR:L/UI:N/S:U/C:N/I:N/A:H,SC7731E/SC9832E/SC9863A/T310/T606/T612/T616/T610/T618/T760/T770/T820/S8000,Android12/Android13/Android14,2024-03-01,https://www.unisoc.com/en/support/product-security-bulletin/1777154355737198594
CVE-2023-52350,Out-of-bounds Write in ril service,"In ril service, there is a possible out of bounds write due to a missing bounds check. This could lead to local denial of service with System execution privileges needed.",Android,CWE-787 Out-of-bounds Write,Local,Medium,5.5,CVSS:3.1/AV:L/AC:L/PR:L/UI:N/S:U/C:N/I:N/A:H,SC7731E/SC9832E/SC9863A/T310/T606/T612/T616/T610/T618/T760/T770/T820/S8000,Android12/Android13/Android14,2024-03-01,https://www.unisoc.com/en/support/product-security-bulletin/1777154355737198594
CVE-2023-52349,Out-of-bounds Write in ril service,"In ril service, there is a possible out of bounds write due to a missing bounds check. This could lead to local denial of service with System execution privileges needed.",Android,CWE-787 Out-of-bounds Write,Local,Medium,5.5,CVSS:3.1/AV:L/AC:L/PR:L/UI:N/S:U/C:N/I:N/A:H,SC7731E/SC9832E/SC9863A/T310/T606/T612/T616/T610/T618/T760/T770/T820/S8000,Android12/Android13/Android14,2024-03-01,https://www.unisoc.com/en/support/product-security-bulletin/1777154355737198594
CVE-2023-52348,Out-of-bounds Write in ril service,"In ril service, there is a possible out of bounds write due to a missing bounds check. This could lead to local denial of service with System execution privileges needed.",Android,CWE-787 Out-of-bounds Write,Local,Medium,5.5,CVSS:3.1/AV:L/AC:L/PR:L/UI:N/S:U/C:N/I:N/A:H,SC7731E/SC9832E/SC9863A/T310/T606/T612/T616/T610/T618/T760/T770/T820/S8000,Android12/Android13/Android14,2024-03-01,https://www.unisoc.com/en/support/product-security-bulletin/1777154355737198594
CVE-2023-52347,Out-of-bounds Write in ril service,"In ril service, there is a possible out of bounds write due to a missing bounds check. This could lead to local denial of service with System execution privileges needed.",Android,CWE-787 Out-of-bounds Write,Local,Medium,5.5,CVSS:3.1/AV:L/AC:L/PR:L/UI:N/S:U/C:N/I:N/A:H,SC7731E/SC9832E/SC9863A/T310/T606/T612/T616/T610/T618/T760/T770/T820/S8000,Android12/Android13/Android14,2024-03-01,https://www.unisoc.com/en/support/product-security-bulletin/1777154355737198594
CVE-2023-52346,Out-of-bounds Read in modem driver,"In modem driver, there is a possible system crash due to improper input validation. This could lead to local information disclosure with System execution privileges needed.",Kernel,CWE-125 Out-of-bounds Read,Local,Medium,6.2,CVSS:3.1/AV:L/AC:L/PR:N/UI:N/S:U/C:N/I:N/A:H,SC7731E/SC9832E/SC9863A/T310/T606/T612/T616/T610/T618/T760/T770/T820/S8000,Android12/Android13/Android14,2024-03-01,https://www.unisoc.com/en/support/product-security-bulletin/1777154355737198594
CVE-2023-52345,Improper Input Validation in modem driver,"In modem driver, there is a possible system crash due to improper input validation. This could lead to local information disclosure with System execution privileges needed.",Kernel,CWE-20 Improper Input Validation,Local,Medium,6.2,CVSS:3.1/AV:L/AC:L/PR:N/UI:N/S:U/C:N/I:N/A:H,SC7731E/SC9832E/SC9863A/T310/T606/T612/T616/T610/T618/T760/T770/T820/S8000,Android12/Android13/Android14,2024-03-01,https://www.unisoc.com/en/support/product-security-bulletin/1777154355737198594
CVE-2023-52344,Unchecked Error Condition in modem-ps-nas-ngmm,"In modem-ps-nas-ngmm, there is a possible undefined behavior due to incorrect error handling. This could lead to remote information disclosure no additional execution privileges needed.",Modem,CWE-391 Unchecked Error Condition,Network,Medium,5.8,CVSS:3.1/AV:N/AC:L/PR:N/UI:N/S:C/C:N/I:N/A:L,T760/T770/T820/S8000,Android12/Android13/Android14,2024-03-01,https://www.unisoc.com/en/support/product-security-bulletin/1777154355737198594
CVE-2023-52343,Improper Input Validation in SecurityCommand message after as security has been actived.,"In SecurityCommand message after as security has been actived., there is a possible improper input validation. This could lead to remote information disclosure no additional execution privileges needed.",Modem,CWE-20 Improper Input Validation,Network,Medium,5.5,CVSS:3.1/AV:N/AC:H/PR:H/UI:N/S:U/C:H/I:L/A:L,T760/T770/T820/S8000,Android12/Android13/Android14,2024-03-01,https://www.unisoc.com/en/support/product-security-bulletin/1777154355737198594
CVE-2023-52342,Unchecked Error Condition in modem-ps-nas-ngmm,"In modem-ps-nas-ngmm, there is a possible undefined behavior due to incorrect error handling. This could lead to remote information disclosure no additional execution privileges needed.",Modem,CWE-391 Unchecked Error Condition,Network,Medium,5.3,CVSS:3.1/AV:N/AC:L/PR:N/UI:N/S:U/C:N/I:N/A:L,T760/T770/T820/S8000,Android12/Android13/Android14,2024-03-01,https://www.unisoc.com/en/support/product-security-bulletin/1777154355737198594
CVE-2023-52341,Improper Handling of Missing Values in Plaintext COUNTER CHECK message accepted before AS security activation,"In Plaintext COUNTER CHECK message accepted before AS security activation, there is a possible missing permission check. This could lead to remote information disclosure no additional execution privileges needed.",Modem,cwe-230 Improper Handling of Missing Values,Network,Medium,5.4,CVSS:3.1/AV:N/AC:L/PR:N/UI:R/S:U/C:L/I:L/A:N,T760/T770/T820/S8000,Android12/Android13,2024-03-01,https://www.unisoc.com/en/support/product-security-bulletin/1777154355737198594
CVE-2023-49672,Use After Free in ion driver,"In ion driver, there is a possible use after free due to a logic error. This could lead to local denial of service with System execution privileges needed.",Kernel,cwe-416 Use After Free,Local,Medium,6.2,CVSS:3.1/AV:L/AC:L/PR:N/UI:N/S:U/C:N/I:N/A:H,SC7731E/SC9832E/SC9863A/T310/T606/T612/T616/T610/T618/T760/T770/T820/S8000,Android12/Android13,2024-02-05,https://www.unisoc.com/en/support/product-security-bulletin/1754331234055553026
CVE-2023-49671,Improper Input Validation in ion driver,"In sprd_ion driver, there is a possible improper input validation. This could lead to local denial of service with System execution privileges needed.",Kernel,CWE-20 Improper Input Validation,Local,Medium,6.2,CVSS:3.1/AV:L/AC:L/PR:N/UI:N/S:U/C:N/I:N/A:H,SC7731E/SC9832E/SC9863A/T310/T606/T612/T616/T610/T618/T760/T770/T820/S8000,Android11/Android12/Android13,2024-02-05,https://www.unisoc.com/en/support/product-security-bulletin/1754331234055553026
CVE-2023-49670,Out-of-bounds Write in cp_dump driver,"In cp_dump driver, there is a possible out of bounds write due to a missing bounds check. This could lead to local denial of service with System execution privileges needed.",Kernel,CWE-787 Out-of-bounds Write,Local,Medium,6.2,CVSS:3.1/AV:L/AC:L/PR:N/UI:N/S:U/C:N/I:N/A:H,SC9863A/T606/T612/T616/T610/T618/T760/T770/T820/S8000,Android12/Android13,2024-02-05,https://www.unisoc.com/en/support/product-security-bulletin/1754331234055553026
CVE-2023-49669,Out-of-bounds Write in cp_dump driver,"In cp_dump driver, there is a possible out of bounds write due to a missing bounds check. This could lead to local denial of service with System execution privileges needed.",Kernel,CWE-787 Out-of-bounds Write,Local,Medium,6.2,CVSS:3.1/AV:L/AC:L/PR:N/UI:N/S:U/C:N/I:N/A:H,SC9863A/T606/T612/T616/T610/T618/T760/T770/T820/S8000,Android12/Android13,2024-02-05,https://www.unisoc.com/en/support/product-security-bulletin/1754331234055553026
CVE-2023-49668,Out-of-bounds Read in cp_dump driver,"In cp_dump driver, there is a possible out of bounds read due to a missing bounds check. This could lead to local denial of service with System execution privileges needed.",Kernel,CWE-125 Out-of-bounds Read,Local,High,8.4,CVSS:3.1/AV:L/AC:L/PR:N/UI:N/S:U/C:H/I:H/A:H,SC9863A/T606/T612/T616/T610/T618/T760/T770/T820/S8000,Android12/Android13,2024-02-05,https://www.unisoc.com/en/support/product-security-bulletin/1754331234055553026
CVE-2023-49667,Buffer Over-read in cp dump driver,"In cp dump driver, there is a possible out of bounds read due to a missing bounds check. This could lead to local escalation of privilege with System execution privileges needed.",Kernel,CWE-126 Buffer Over-read,Local,High,8.4,CVSS:3.1/AV:L/AC:L/PR:N/UI:N/S:U/C:H/I:H/A:H,SC9863A/T606/T612/T616/T610/T618/T760/T770/T820/S8000SC9863A/T606/T612/T616/T610/T618/T760/T770/T820/S8000,Android12/Android13,2024-02-05,https://www.unisoc.com/en/support/product-security-bulletin/1754331234055553026
CVE-2023-48339,Exposure of Sensitive Information to an Unauthorized Actor in jpg driver,"In jpg driver, there is a possible missing permission check. This could lead to local information disclosure with System execution privileges needed.",Kernel,CWE-200Exposureof Sensitive Information to anUnauthorizedActor,Local,Medium,4.4,CVSS:3.1/AV:L/AC:L/PR:H/UI:N/S:U/C:H/I:N/A:N,SC7731E/SC9832E/SC9863A/T310/T606/T612/T616/T610/T618/T760/T770/T820/S8000,Android11/Android12/Android13,2024-01-12,https://www.unisoc.com/en/support/product-security-bulletin/1745735106389147650
CVE-2023-48340,Out-of-bounds Write in video decoder,"In video decoder, there is a possible out of bounds write due to improper input validation. This could lead to local denial of service with no additional execution privileges needed.",Android,CWE-787 Out-of-bounds Write,Network,High,7.5,CVSS:3.1/AV:N/AC:L/PR:N/UI:N/S:U/C:N/I:N/A:H,SC7731E/SC9832E/SC9863A/T310/T606/T612/T616/T610/T618/T760/T770/T820/S8000,Android11/Android12,2024-01-12,https://www.unisoc.com/en/support/product-security-bulletin/1745735106389147650
CVE-2023-48341,Out-of-bounds Read in video decoder,"In video decoder, there is a possible out of bounds read due to improper input validation. This could lead to local denial of service with no additional execution privileges needed.",Android,CWE-125 Out-of-bounds Read,Network,High,8.2,CVSS:3.1/AV:N/AC:L/PR:N/UI:N/S:U/C:L/I:N/A:H,SC7731E/SC9832E/SC9863A/T310/T606/T612/T616/T610/T618/T760/T770/T820/S8000,Android11/Android12,2024-01-12,https://www.unisoc.com/en/support/product-security-bulletin/1745735106389147650
CVE-2023-48342,Out-of-bounds Write in media service,"In media service, there is a possible out of bounds write due to a missing bounds check. This could lead to local denial of service with System execution privileges needed.",Android,CWE-787 Out-of-bounds Write,Network,High,7.5,CVSS:3.1/AV:N/AC:L/PR:N/UI:N/S:U/C:N/I:N/A:H,SC7731E/SC9832E/SC9863A/T310/T606/T612/T616/T610/T618/T760/T770/T820/S8000,Android11/Android12/Android13,2024-01-12,https://www.unisoc.com/en/support/product-security-bulletin/1745735106389147650
CVE-2023-48343,Out-of-bounds Write in video decoder,"In video decoder, there is a possible out of bounds write due to improper input validation. This could lead to local denial of service with no additional execution privileges needed.",Android,CWE-787 Out-of-bounds Write,Network,High,7.5,CVSS:3.1/AV:N/AC:L/PR:N/UI:N/S:U/C:N/I:N/A:H,SC7731E/SC9832E/SC9863A/T310/T606/T612/T616/T610/T618/T760/T770/T820/S8000,Android11/Android12,2024-01-12,https://www.unisoc.com/en/support/product-security-bulletin/1745735106389147650
CVE-2023-48344,Buffer Over-read in video decoder,"In video decoder, there is a possible out of bounds read due to improper input validation. This could lead to local denial of service with no additional execution privileges needed.",Android,CWE-126 Buffer Over-read,Network,High,7.5,CVSS:3.1/AV:N/AC:L/PR:N/UI:N/S:U/C:N/I:N/A:H,SC7731E/SC9832E/SC9863A/T310/T606/T612/T616/T610/T618/T760/T770/T820/S8000,Android11/Android12,2024-01-12,https://www.unisoc.com/en/support/product-security-bulletin/1745735106389147650
CVE-2023-48345,Out-of-bounds Read in video decoder,"In video decoder, there is a possible out of bounds read due to improper input validation. This could lead to local denial of service with no additional execution privileges needed.",Android,CWE-125 Out-of-bounds Read,Network,Medium,6.5,CVSS:3.1/AV:N/AC:L/PR:N/UI:N/S:U/C:N/I:L/A:L,SC7731E/SC9832E/SC9863A/T310/T606/T612/T616/T610/T618/T760/T770/T820/S8000,Android11/Android12,2024-01-12,https://www.unisoc.com/en/support/product-security-bulletin/1745735106389147650
CVE-2023-48346,Improper Input Validation in video decoder,"In video decoder, there is a possible improper input validation. This could lead to local denial of service with no additional execution privileges needed.",Android,CWE-20 Improper Input Validation,Network,Medium,5.8,CVSS:3.1/AV:N/AC:L/PR:N/UI:N/S:C/C:N/I:N/A:L,SC7731E/SC9832E/SC9863A/T310/T606/T612/T616/T610/T618/T760/T770/T820/S8000,Android11/Android12,2024-01-12,https://www.unisoc.com/en/support/product-security-bulletin/1745735106389147650
CVE-2023-48347,Out-of-bounds Read in video decoder,"In video decoder, there is a possible out of bounds read due to improper input validation. This could lead to local denial of service with no additional execution privileges needed.",Android,CWE-125 Out-of-bounds Read,Network,Medium,5.3,CVSS:3.1/AV:N/AC:L/PR:N/UI:N/S:U/C:N/I:N/A:L,SC7731E/SC9832E/SC9863A/T310/T606/T612/T616/T610/T618/T760/T770/T820/S8000,Android11/Android12,2024-01-12,https://www.unisoc.com/en/support/product-security-bulletin/1745735106389147650
CVE-2023-48348,Out-of-bounds Write in video decoder,"In video decoder, there is a possible out of bounds write due to improper input validation. This could lead to local denial of service with no additional execution privileges needed.",Android,CWE-787 Out-of-bounds Write,Network,High,7.5,CVSS:3.1/AV:N/AC:L/PR:N/UI:N/S:U/C:N/I:N/A:H,SC7731E/SC9832E/SC9863A/T310/T606/T612/T616/T610/T618/T760/T770/T820/S8000,Android11/Android12,2024-01-12,https://www.unisoc.com/en/support/product-security-bulletin/1745735106389147650
CVE-2023-48349,Out-of-bounds Write in video decoder,"In video decoder, there is a possible out of bounds write due to a missing bounds check. This could lead to local denial of service with no additional execution privileges needed.",Android,CWE-787 Out-of-bounds Write,Network,High,7.5,CVSS:3.1/AV:N/AC:L/PR:N/UI:N/S:U/C:N/I:N/A:H,SC7731E/SC9832E/SC9863A/T310/T606/T612/T616/T610/T618/T760/T770/T820/S8000,Android11/Android12,2024-01-12,https://www.unisoc.com/en/support/product-security-bulletin/1745735106389147650
CVE-2023-48350,Out-of-bounds Write in video decoder,"In video decoder, there is a possible out of bounds write due to a missing bounds check. This could lead to local denial of service with no additional execution privileges needed.",Android,CWE-787 Out-of-bounds Write,Network,High,7.5,CVSS:3.1/AV:N/AC:L/PR:N/UI:N/S:U/C:N/I:N/A:H,SC7731E/SC9832E/SC9863A/T310/T606/T612/T616/T610/T618/T760/T770/T820/S8000,Android11/Android12,2024-01-12,https://www.unisoc.com/en/support/product-security-bulletin/1745735106389147650
CVE-2023-48351,Out-of-bounds Write in video decoder,"In video decoder, there is a possible out of bounds write due to a missing bounds check. This could lead to local denial of service with no additional execution privileges needed.",Android,CWE-787 Out-of-bounds Write,Network,High,7.5,CVSS:3.1/AV:N/AC:L/PR:N/UI:N/S:U/C:N/I:N/A:H,SC7731E/SC9832E/SC9863A/T310/T606/T612/T616/T610/T618/T760/T770/T820/S8000,Android11/Android12,2024-01-12,https://www.unisoc.com/en/support/product-security-bulletin/1745735106389147650
CVE-2023-48352,Out-of-bounds Write in phasecheckserver,"In phasecheckserver, there is a possible out of bounds write due to a missing bounds check. This could lead to local denial of service with no additional execution privileges needed.",Android,CWE-787 Out-of-bounds Write,Local,High,7.8,CVSS:3.1/AV:L/AC:L/PR:L/UI:N/S:U/C:H/I:H/A:H,SC7731E/SC9832E/SC9863A/T310/T606/T612/T616/T610/T618/T760/T770/T820/S8000,Android11/Android12/Android13,2024-01-12,https://www.unisoc.com/en/support/product-security-bulletin/1745735106389147650
CVE-2023-48353,Use After Free in vsp driver,"In vsp driver, there is a possible use after free due to a logic error. This could lead to local denial of service with System execution privileges needed.",Kernel,CWE-416 Use After Free,Local,Medium,5.1,CVSS:3.1/AV:L/AC:L/PR:H/UI:N/S:U/C:L/I:N/A:H,SC7731E/SC9832E/SC9863A/T310/T606/T612/T616/T610/T618/T760/T770/T820/S8000,Android11/Android12/Android13,2024-01-12,https://www.unisoc.com/en/support/product-security-bulletin/1745735106389147650
CVE-2023-48354,Exposure of Sensitive Information to an Unauthorized Actor in telephone service,"In telephone service, there is a possible improper input validation. This could lead to local information disclosure with no additional execution privileges needed.",Android,CWE-200Exposureof Sensitive Information to anUnauthorizedActor,Local,Medium,6.2,CVSS:3.1/AV:L/AC:L/PR:N/UI:N/S:U/C:H/I:N/A:N,SC7731E/SC9832E/SC9863A/T310/T606/T612/T616/T610/T618/T760/T770/T820/S8000,Android11/Android12/Android13,2024-01-12,https://www.unisoc.com/en/support/product-security-bulletin/1745735106389147650
CVE-2023-48355,Out-of-bounds Write in jpg driver,"In jpg driver, there is a possible out of bounds write due to a missing bounds check. This could lead to local denial of service with System execution privileges needed.",Android,CWE-787 Out-of-bounds Write,Local,Medium,6.8,CVSS:3.1/AV:L/AC:L/PR:N/UI:N/S:U/C:N/I:L/A:H,SC7731E/SC9832E/SC9863A/T310/T606/T612/T616/T610/T618/T760/T770/T820/S8000,Android11/Android12/Android13,2024-01-12,https://www.unisoc.com/en/support/product-security-bulletin/1745735106389147650
CVE-2023-48356,Out-of-bounds Write in jpg driver,"In jpg driver, there is a possible out of bounds write due to a missing bounds check. This could lead to local denial of service with System execution privileges needed.",Android,CWE-787 Out-of-bounds Write,Local,Medium,6.8,CVSS:3.1/AV:L/AC:L/PR:N/UI:N/S:U/C:N/I:L/A:H,SC7731E/SC9832E/SC9863A/T310/T606/T612/T616/T610/T618/T760/T770/T820/S8000,Android11/Android12/Android13,2024-01-12,https://www.unisoc.com/en/support/product-security-bulletin/1745735106389147650
CVE-2023-48357,Out-of-bounds Write in vsp driver,"In vsp driver, there is a possible out of bounds write due to a missing bounds check. This could lead to local denial of service with System execution privileges needed.",Kernel,CWE-787 Out-of-bounds Write,Local,Medium,5.1,CVSS:3.1/AV:L/AC:L/PR:H/UI:N/S:U/C:N/I:L/A:H,SC7731E/SC9832E/SC9863A/T310/T606/T612/T616/T610/T618/T760/T770/T820/S8000,Android11/Android12/Android13,2024-01-12,https://www.unisoc.com/en/support/product-security-bulletin/1745735106389147650
CVE-2023-48358,Out-of-bounds Write in drm driver,"In drm driver, there is a possible out of bounds write due to a missing bounds check. This could lead to local denial of service with System execution privileges needed.",Kernel,CWE-787 Out-of-bounds Write,Local,Medium,5.1,CVSS:3.1/AV:L/AC:L/PR:H/UI:N/S:U/C:N/I:L/A:H,SC7731E/SC9832E/SC9863A/T310/T606/T612/T616/T610/T618/T760/T770/T820/S8000,Android11/Android12/Android13,2024-01-12,https://www.unisoc.com/en/support/product-security-bulletin/1745735106389147650
CVE-2023-48359,Out-of-bounds Write in autotest driver,"In autotest driver, there is a possible out of bounds write due to improper input validation. This could lead to local denial of service with System execution privileges needed.",Kernel,CWE-787 Out-of-bounds Write,Local,Medium,5.1,CVSS:3.1/AV:L/AC:L/PR:H/UI:N/S:U/C:N/I:L/A:H,SC7731E/SC9832E/SC9863A/T310/T606/T612/T616/T610/T618/T760/T770/T820/S8000,Android11/Android12/Android13,2024-01-12,https://www.unisoc.com/en/support/product-security-bulletin/1745735106389147650
CVE-2023-42671,Exposure of Sensitive Information to an Unauthorized Actor in imsservice,"In imsservice, there is a possible way to write permission usage records of an app due to a missing permission check. This could lead to local information disclosure with no additional execution privileges needed.",Android,CWE-200Exposureof Sensitive Information to anUnauthorizedActor,Local,Medium,4,CVSS:3.1/AV:L/AC:L/PR:N/UI:N/S:U/C:L/I:N/A:N,SC7731E/SC9832E/SC9863A/T310/T606/T612/T616/T610/T618/T760/T770/T820/S8000,Android11/Android12/Android13,2023-12-03,https://www.unisoc.com/en/support/product-security-bulletin/1731138304134414338
CVE-2023-42672,Exposure of Sensitive Information to an Unauthorized Actor in imsservice,"In imsservice, there is a possible way to write permission usage records of an app due to a missing permission check. This could lead to local information disclosure with no additional execution privileges needed.",Android,CWE-200Exposureof Sensitive Information to anUnauthorizedActor,Local,Medium,4,CVSS:3.1/AV:L/AC:L/PR:N/UI:N/S:U/C:L/I:N/A:N,SC7731E/SC9832E/SC9863A/T310/T606/T612/T616/T610/T618/T760/T770/T820/S8000,Android11/Android12,2023-12-03,https://www.unisoc.com/en/support/product-security-bulletin/1731138304134414338
CVE-2023-42673,Exposure of Sensitive Information to an Unauthorized Actor in imsservice,"In imsservice, there is a possible way to write permission usage records of an app due to a missing permission check. This could lead to local information disclosure with no additional execution privileges needed.",Android,CWE-200Exposureof Sensitive Information to anUnauthorizedActor,Local,Medium,4,CVSS:3.1/AV:L/AC:L/PR:N/UI:N/S:U/C:L/I:N/A:N,SC7731E/SC9832E/SC9863A/T310/T606/T612/T616/T610/T618/T760/T770/T820/S8000,Android11/Android12/Android13,2023-12-03,https://www.unisoc.com/en/support/product-security-bulletin/1731138304134414338
CVE-2023-42674,Exposure of Sensitive Information to an Unauthorized Actor in imsservice,"In imsservice, there is a possible way to write permission usage records of an app due to a missing permission check. This could lead to local information disclosure with no additional execution privileges needed.",Android,CWE-200Exposureof Sensitive Information to anUnauthorizedActor,Local,Medium,4,CVSS:3.1/AV:L/AC:L/PR:N/UI:N/S:U/C:L/I:N/A:N,SC7731E/SC9832E/SC9863A/T310/T606/T612/T616/T610/T618/T760/T770/T820/S8000,Android11/Android12/Android13,2023-12-03,https://www.unisoc.com/en/support/product-security-bulletin/1731138304134414338
CVE-2023-42675,Exposure of Sensitive Information to an Unauthorized Actor in imsservice,"In imsservice, there is a possible way to write permission usage records of an app due to a missing permission check. This could lead to local information disclosure with no additional execution privileges needed.",Android,CWE-200Exposureof Sensitive Information to anUnauthorizedActor,Local,Medium,4,CVSS:3.1/AV:L/AC:L/PR:N/UI:N/S:U/C:L/I:N/A:N,SC7731E/SC9832E/SC9863A/T310/T606/T612/T616/T610/T618/T760/T770/T820/S8000,Android11/Android12/Android13,2023-12-03,https://www.unisoc.com/en/support/product-security-bulletin/1731138304134414338
CVE-2023-42676,Exposure of Sensitive Information to an Unauthorized Actor in imsservice,"In imsservice, there is a possible way to write permission usage records of an app due to a missing permission check. This could lead to local information disclosure with no additional execution privileges needed.",Android,CWE-200Exposureof Sensitive Information to anUnauthorizedActor,Local,Medium,4,CVSS:3.1/AV:L/AC:L/PR:N/UI:N/S:U/C:L/I:N/A:N,SC7731E/SC9832E/SC9863A/T310/T606/T612/T616/T610/T618/T760/T770/T820/S8000,Android11/Android12/Android13,2023-12-03,https://www.unisoc.com/en/support/product-security-bulletin/1731138304134414338
CVE-2023-42677,Exposure of Sensitive Information to an Unauthorized Actor in imsservice,"In imsservice, there is a possible way to write permission usage records of an app due to a missing permission check. This could lead to local information disclosure with no additional execution privileges needed.",Android,CWE-200Exposureof Sensitive Information to anUnauthorizedActor,Local,Medium,4,CVSS:3.1/AV:L/AC:L/PR:N/UI:N/S:U/C:L/I:N/A:N,SC7731E/SC9832E/SC9863A/T310/T606/T612/T616/T610/T618/T760/T770/T820/S8000,Android11/Android12/Android13,2023-12-03,https://www.unisoc.com/en/support/product-security-bulletin/1731138304134414338
CVE-2023-42678,Exposure of Sensitive Information to an Unauthorized Actor in imsservice,"In imsservice, there is a possible way to write permission usage records of an app due to a missing permission check. This could lead to local information disclosure with no additional execution privileges needed.",Android,CWE-200Exposureof Sensitive Information to anUnauthorizedActor,Local,Medium,4,CVSS:3.1/AV:L/AC:L/PR:N/UI:N/S:U/C:L/I:N/A:N,SC7731E/SC9832E/SC9863A/T310/T606/T612/T616/T610/T618/T760/T770/T820/S8000,Android11/Android12/Android13,2023-12-03,https://www.unisoc.com/en/support/product-security-bulletin/1731138304134414338
CVE-2023-42679,Out-of-bounds Write in gpu driver,"In gpu driver, there is a possible out of bounds write due to a missing bounds check. This could lead to local denial of service with System execution privileges needed.",Android,cwe-787 Out-of-bounds Write,Local,Medium,5.6,CVSS:3.1/AV:L/AC:L/PR:H/UI:N/S:U/C:L/I:L/A:H,SC9863A/T310/T606/T612/T616/T610/T618/T760/T770/T820/S8000,Android11,2023-12-03,https://www.unisoc.com/en/support/product-security-bulletin/1731138304134414338
CVE-2023-42680,Out-of-bounds Read in gpu driver,"In gpu driver, there is a possible out of bounds read due to a missing bounds check. This could lead to local denial of service with System execution privileges needed.",Kernel,cwe-125 Out-of-bounds Read,Local,Medium,5.1,CVSS:3.1/AV:L/AC:L/PR:H/UI:N/S:U/C:N/I:L/A:H,SC9863A/T310/T606/T612/T616/T610/T618/T760/T770/T820/S8000,Android11,2023-12-03,https://www.unisoc.com/en/support/product-security-bulletin/1731138304134414338
CVE-2023-42681,Missing Authorization in ion service,"In ion service, there is a possible missing permission check. This could lead to local escalation of privilege with no additional execution privileges needed.",Android,cwe-862 Missing Authorization,Local,Medium,5.1,CVSS:3.1/AV:L/AC:L/PR:N/UI:N/S:U/C:N/I:L/A:L,SC7731E/SC9832E/SC9863A/T310/T606/T612/T616/T610/T618/T760/T770/T820/S8000,Android11/Android12/Android13,2023-12-03,https://www.unisoc.com/en/support/product-security-bulletin/1731138304134414338
CVE-2023-42682,Buffer Copy without Checking Size of Input ('Classic Buffer Overflow') in gsp driver,"In gsp driver, there is a possible out of bounds write due to a missing bounds check. This could lead to local denial of service with System execution privileges needed.",Kernel,cwe-120 Buffer Copy without Checking Size of Input ('Classic Buffer Overflow'),Local,Medium,5.1,CVSS:3.1/AV:L/AC:L/PR:H/UI:N/S:U/C:N/I:L/A:H,SC7731E/SC9832E/SC9863A/T310/T606/T612/T616/T610/T618/T760/T770/T820/S8000,Android11/Android12/Android13,2023-12-03,https://www.unisoc.com/en/support/product-security-bulletin/1731138304134414338
CVE-2023-42683,Out-of-bounds Read in gsp driver,"In gsp driver, there is a possible out of bounds read due to a missing bounds check. This could lead to local denial of service with System execution privileges needed.",Kernel,cwe-125 Out-of-bounds Read,Local,Medium,5.1,CVSS:3.1/AV:L/AC:L/PR:H/UI:N/S:U/C:N/I:L/A:H,SC7731E/SC9832E/SC9863A/T310/T606/T612/T616/T610/T618/T760/T770/T820/S8000,Android11/Android12/Android13,2023-12-03,https://www.unisoc.com/en/support/product-security-bulletin/1731138304134414338
CVE-2023-42684,Out-of-bounds Read in gsp driver,"In gsp driver, there is a possible out of bounds read due to a missing bounds check. This could lead to local denial of service with System execution privileges needed.",Kernel,cwe-125 Out-of-bounds Read,Local,Medium,5.1,CVSS:3.1/AV:L/AC:L/PR:H/UI:N/S:U/C:N/I:L/A:H,SC7731E/SC9832E/SC9863A/T310/T606/T612/T616/T610/T618/T760/T770/T820/S8000,Android11/Android12/Android13,2023-12-03,https://www.unisoc.com/en/support/product-security-bulletin/1731138304134414338
CVE-2023-42685,Missing Authorization in wifi service,"In wifi service, there is a possible missing permission check. This could lead to local escalation of privilege with no additional execution privileges needed.",Android,cwe-862 Missing Authorization,Local,Medium,4,CVSS:3.1/AV:L/AC:L/PR:N/UI:N/S:U/C:N/I:N/A:L,SC7731E/SC9832E/SC9863A/T310/T606/T612/T616/T610/T618/T760/T770/T820/S8000,Android10,2023-12-03,https://www.unisoc.com/en/support/product-security-bulletin/1731138304134414338
CVE-2023-42686,Missing Authorization in wifi service,"In wifi service, there is a possible missing permission check. This could lead to local escalation of privilege with no additional execution privileges needed.",Android,cwe-862 Missing Authorization,Local,Medium,4,CVSS:3.1/AV:L/AC:L/PR:N/UI:N/S:U/C:N/I:N/A:L,SC7731E/SC9832E/SC9863A/T310/T606/T612/T616/T610/T618/T760/T770/T820/S8000,Android10,2023-12-03,https://www.unisoc.com/en/support/product-security-bulletin/1731138304134414338
CVE-2023-42687,Missing Authorization in wifi service,"In wifi service, there is a possible missing permission check. This could lead to local escalation of privilege with no additional execution privileges needed.",Android,cwe-862 Missing Authorization,Local,Medium,4,CVSS:3.1/AV:L/AC:L/PR:N/UI:N/S:U/C:L/I:N/A:N,SC7731E/SC9832E/SC9863A/T310/T606/T612/T616/T610/T618/T760/T770/T820/S8000,Android10,2023-12-03,https://www.unisoc.com/en/support/product-security-bulletin/1731138304134414338
CVE-2023-42688,Missing Authorization in wifi service,"In wifi service, there is a possible missing permission check. This could lead to local escalation of privilege with no additional execution privileges needed.",Android,cwe-862 Missing Authorization,Local,Medium,4,CVSS:3.1/AV:L/AC:L/PR:N/UI:N/S:U/C:N/I:N/A:L,SC7731E/SC9832E/SC9863A/T310/T606/T612/T616/T610/T618/T760/T770/T820/S8000,Android10,2023-12-03,https://www.unisoc.com/en/support/product-security-bulletin/1731138304134414338
CVE-2023-42689,Missing Authorization in wifi service,"In wifi service, there is a possible missing permission check. This could lead to local escalation of privilege with no additional execution privileges needed.",Android,cwe-862 Missing Authorization,Local,Medium,4,CVSS:3.1/AV:L/AC:L/PR:N/UI:N/S:U/C:N/I:N/A:L,SC7731E/SC9832E/SC9863A/T310/T606/T612/T616/T610/T618/T760/T770/T820/S8000,Android10,2023-12-03,https://www.unisoc.com/en/support/product-security-bulletin/1731138304134414338
CVE-2023-42690,Missing Authorization in wifi service,"In wifi service, there is a possible missing permission check. This could lead to local escalation of privilege with no additional execution privileges needed.",Android,cwe-862 Missing Authorization,Local,Medium,4,CVSS:3.1/AV:L/AC:L/PR:N/UI:N/S:U/C:N/I:N/A:L,SC7731E/SC9832E/SC9863A/T310/T606/T612/T616/T610/T618/T760/T770/T820/S8000,Android10,2023-12-03,https://www.unisoc.com/en/support/product-security-bulletin/1731138304134414338
CVE-2023-42691,Missing Authorization in wifi service,"In wifi service, there is a possible missing permission check. This could lead to local escalation of privilege with no additional execution privileges needed.",Android,cwe-862 Missing Authorization,Local,Medium,4,CVSS:3.1/AV:L/AC:L/PR:N/UI:N/S:U/C:L/I:N/A:N,SC7731E/SC9832E/SC9863A/T310/T606/T612/T616/T610/T618/T760/T770/T820/S8000,Android10,2023-12-03,https://www.unisoc.com/en/support/product-security-bulletin/1731138304134414338
CVE-2023-42692,Missing Authorization in wifi service,"In wifi service, there is a possible missing permission check. This could lead to local escalation of privilege with no additional execution privileges needed.",Android,cwe-862 Missing Authorization,Local,Medium,4,CVSS:3.1/AV:L/AC:L/PR:N/UI:N/S:U/C:L/I:N/A:N,SC7731E/SC9832E/SC9863A/T310/T606/T612/T616/T610/T618/T760/T770/T820/S8000,Android10,2023-12-03,https://www.unisoc.com/en/support/product-security-bulletin/1731138304134414338
CVE-2023-42693,Missing Authorization in wifi service,"In wifi service, there is a possible missing permission check. This could lead to local escalation of privilege with no additional execution privileges needed.",Android,cwe-862 Missing Authorization,Local,Medium,4,CVSS:3.1/AV:L/AC:L/PR:N/UI:N/S:U/C:N/I:N/A:L,SC7731E/SC9832E/SC9863A/T310/T606/T612/T616/T610/T618/T760/T770/T820/S8000,Android10,2023-12-03,https://www.unisoc.com/en/support/product-security-bulletin/1731138304134414338
CVE-2023-42694,Missing Authorization in wifi service,"In wifi service, there is a possible missing permission check. This could lead to local escalation of privilege with no additional execution privileges needed.",Android,cwe-862 Missing Authorization,Local,Medium,4,CVSS:3.1/AV:L/AC:L/PR:N/UI:N/S:U/C:N/I:N/A:L,SC7731E/SC9832E/SC9863A/T310/T606/T612/T616/T610/T618/T760/T770/T820/S8000,Android10,2023-12-03,https://www.unisoc.com/en/support/product-security-bulletin/1731138304134414338
CVE-2023-42695,Missing Authorization in wifi service,"In wifi service, there is a possible missing permission check. This could lead to local escalation of privilege with no additional execution privileges needed.",Android,cwe-862 Missing Authorization,Local,Medium,4,CVSS:3.1/AV:L/AC:L/PR:N/UI:N/S:U/C:L/I:N/A:N,SC7731E/SC9832E/SC9863A/T310/T606/T612/T616/T610/T618/T760/T770/T820/S8000,Android10,2023-12-03,https://www.unisoc.com/en/support/product-security-bulletin/1731138304134414338
CVE-2023-42696,Missing Authorization in telecom service,"In telecom service, there is a possible missing permission check. This could lead to local escalation of privilege with no additional execution privileges needed.",Android,cwe-862 Missing Authorization,Local,Medium,6.3,CVSS:3.1/AV:L/AC:L/PR:N/UI:R/S:C/C:N/I:N/A:H,SC7731E/SC9832E/SC9863A/T310/T606/T612/T616/T610/T618/T760/T770/T820/S8000,Android11/Android12/Android13,2023-12-03,https://www.unisoc.com/en/support/product-security-bulletin/1731138304134414338
CVE-2023-42697,Exposure of Sensitive Information to an Unauthorized Actor in omacp service,"In omacp service, there is a possible way to write permission usage records of an app due to a missing permission check. This could lead to local information disclosure with no additional execution privileges needed.",Android,CWE-200Exposureof Sensitive Information to anUnauthorizedActor,Local,Medium,4,CVSS:3.1/AV:L/AC:L/PR:N/UI:N/S:U/C:L/I:N/A:N,SC7731E/SC9832E/SC9863A/T310/T606/T612/T616/T610/T618/T760/T770/T820/S8000,Android11/Android12/Android13,2023-12-03,https://www.unisoc.com/en/support/product-security-bulletin/1731138304134414338
CVE-2023-42698,Exposure of Sensitive Information to an Unauthorized Actor in omacp service,"In omacp service, there is a possible way to write permission usage records of an app due to a missing permission check. This could lead to local information disclosure with no additional execution privileges needed.",Android,CWE-200Exposureof Sensitive Information to anUnauthorizedActor,Local,Medium,4,CVSS:3.1/AV:L/AC:L/PR:N/UI:N/S:U/C:L/I:N/A:N,SC7731E/SC9832E/SC9863A/T310/T606/T612/T616/T610/T618/T760/T770/T820/S8000,Android11/Android12/Android13,2023-12-03,https://www.unisoc.com/en/support/product-security-bulletin/1731138304134414338
CVE-2023-42699,Exposure of Sensitive Information to an Unauthorized Actor in omacp service,"In omacp service, there is a possible way to write permission usage records of an app due to a missing permission check. This could lead to local information disclosure with no additional execution privileges needed.",Android,CWE-200Exposureof Sensitive Information to anUnauthorizedActor,Local,Medium,4,CVSS:3.1/AV:L/AC:L/PR:N/UI:N/S:U/C:L/I:N/A:N,SC7731E/SC9832E/SC9863A/T310/T606/T612/T616/T610/T618/T760/T770/T820/S8000,Android11/Android12/Android13,2023-12-03,https://www.unisoc.com/en/support/product-security-bulletin/1731138304134414338
CVE-2023-42700,Exposure of Sensitive Information to an Unauthorized Actor in firewall service,"In firewall service, there is a possible way to write permission usage records of an app due to a missing permission check. This could lead to local information disclosure with no additional execution privileges needed.",Android,CWE-200Exposureof Sensitive Information to anUnauthorizedActor,Local,Medium,4,CVSS:3.1/AV:L/AC:L/PR:N/UI:N/S:U/C:L/I:N/A:N,SC7731E/SC9832E/SC9863A/T310/T606/T612/T616/T610/T618/T760/T770/T820/S8000,Android11/Android12,2023-12-03,https://www.unisoc.com/en/support/product-security-bulletin/1731138304134414338
CVE-2023-42701,Exposure of Sensitive Information to an Unauthorized Actor in firewall service,"In firewall service, there is a possible way to write permission usage records of an app due to a missing permission check. This could lead to local information disclosure with no additional execution privileges needed.",Android,CWE-200Exposureof Sensitive Information to anUnauthorizedActor,Local,Medium,6.2,CVSS:3.1/AV:L/AC:L/PR:N/UI:N/S:U/C:H/I:N/A:N,SC7731E/SC9832E/SC9863A/T310/T606/T612/T616/T610/T618/T760/T770/T820/S8000,Android11/Android12,2023-12-03,https://www.unisoc.com/en/support/product-security-bulletin/1731138304134414338
CVE-2023-42702,Exposure of Sensitive Information to an Unauthorized Actor in firewall service,"In firewall service, there is a possible way to write permission usage records of an app due to a missing permission check. This could lead to local information disclosure with no additional execution privileges needed.",Android,CWE-200Exposureof Sensitive Information to anUnauthorizedActor,Local,Medium,6.2,CVSS:3.1/AV:L/AC:L/PR:N/UI:N/S:U/C:H/I:N/A:N,SC7731E/SC9832E/SC9863A/T310/T606/T612/T616/T610/T618/T760/T770/T820/S8000,Android11/Android12,2023-12-03,https://www.unisoc.com/en/support/product-security-bulletin/1731138304134414338
CVE-2023-42703,Exposure of Sensitive Information to an Unauthorized Actor in firewall service,"In firewall service, there is a possible way to write permission usage records of an app due to a missing permission check. This could lead to local information disclosure with no additional execution privileges needed.",Android,CWE-200Exposureof Sensitive Information to anUnauthorizedActor,Local,Medium,6.2,CVSS:3.1/AV:L/AC:L/PR:N/UI:N/S:U/C:H/I:N/A:N,SC7731E/SC9832E/SC9863A/T310/T606/T612/T616/T610/T618/T760/T770/T820/S8000,Android11/Android12,2023-12-03,https://www.unisoc.com/en/support/product-security-bulletin/1731138304134414338
CVE-2023-42704,Exposure of Sensitive Information to an Unauthorized Actor in imsservice,"In imsservice, there is a possible way to write permission usage records of an app due to a missing permission check. This could lead to local information disclosure with no additional execution privileges needed.",Android,CWE-200Exposureof Sensitive Information to anUnauthorizedActor,Local,Medium,4,CVSS:3.1/AV:L/AC:L/PR:N/UI:N/S:U/C:L/I:N/A:N,SC7731E/SC9832E/SC9863A/T310/T606/T612/T616/T610/T618/T760/T770/T820/S8000,Android11/Android12/Android13,2023-12-03,https://www.unisoc.com/en/support/product-security-bulletin/1731138304134414338
CVE-2023-42705,Exposure of Sensitive Information to an Unauthorized Actor in imsservice,"In imsservice, there is a possible way to write permission usage records of an app due to a missing permission check. This could lead to local information disclosure with no additional execution privileges needed.",Android,CWE-200Exposureof Sensitive Information to anUnauthorizedActor,Local,Medium,4,CVSS:3.1/AV:L/AC:L/PR:N/UI:N/S:U/C:L/I:N/A:N,SC7731E/SC9832E/SC9863A/T310/T606/T612/T616/T610/T618/T760/T770/T820/S8000,Android11/Android12/Android13,2023-12-03,https://www.unisoc.com/en/support/product-security-bulletin/1731138304134414338
CVE-2023-42706,Exposure of Sensitive Information to an Unauthorized Actor in firewall service,"In firewall service, there is a possible way to write permission usage records of an app due to a missing permission check. This could lead to local information disclosure with no additional execution privileges needed.",Android,CWE-200Exposureof Sensitive Information to anUnauthorizedActor,Local,Medium,6.2,CVSS:3.1/AV:L/AC:L/PR:N/UI:N/S:U/C:H/I:N/A:N,SC7731E/SC9832E/SC9863A/T310/T606/T612/T616/T610/T618/T760/T770/T820/S8000,Android11/Android12,2023-12-03,https://www.unisoc.com/en/support/product-security-bulletin/1731138304134414338
CVE-2023-42707,Exposure of Sensitive Information to an Unauthorized Actor in firewall service,"In firewall service, there is a possible way to write permission usage records of an app due to a missing permission check. This could lead to local information disclosure with no additional execution privileges needed.",Android,CWE-200Exposureof Sensitive Information to anUnauthorizedActor,Local,Medium,6.2,CVSS:3.1/AV:L/AC:L/PR:N/UI:N/S:U/C:H/I:N/A:N,SC7731E/SC9832E/SC9863A/T310/T606/T612/T616/T610/T618/T760/T770/T820/S8000,Android11/Android12,2023-12-03,https://www.unisoc.com/en/support/product-security-bulletin/1731138304134414338
CVE-2023-42708,Exposure of Sensitive Information to an Unauthorized Actor in firewall service,"In firewall service, there is a possible way to write permission usage records of an app due to a missing permission check. This could lead to local information disclosure with no additional execution privileges needed.",Android,CWE-200Exposureof Sensitive Information to anUnauthorizedActor,Local,Medium,6.2,CVSS:3.1/AV:L/AC:L/PR:N/UI:N/S:U/C:H/I:N/A:N,SC7731E/SC9832E/SC9863A/T310/T606/T612/T616/T610/T618/T760/T770/T820/S8000,Android11/Android12,2023-12-03,https://www.unisoc.com/en/support/product-security-bulletin/1731138304134414338
CVE-2023-42709,Exposure of Sensitive Information to an Unauthorized Actor in firewall service,"In firewall service, there is a possible way to write permission usage records of an app due to a missing permission check. This could lead to local information disclosure with no additional execution privileges needed.",Android,CWE-200Exposureof Sensitive Information to anUnauthorizedActor,Local,Medium,6.2,CVSS:3.1/AV:L/AC:L/PR:N/UI:N/S:U/C:H/I:N/A:N,SC7731E/SC9832E/SC9863A/T310/T606/T612/T616/T610/T618/T760/T770/T820/S8000,Android11/Android12,2023-12-03,https://www.unisoc.com/en/support/product-security-bulletin/1731138304134414338
CVE-2023-42710,Exposure of Sensitive Information to an Unauthorized Actor in firewall service,"In firewall service, there is a possible way to write permission usage records of an app due to a missing permission check. This could lead to local information disclosure with no additional execution privileges needed.",Android,CWE-200Exposureof Sensitive Information to anUnauthorizedActor,Local,Medium,6.2,CVSS:3.1/AV:L/AC:L/PR:N/UI:N/S:U/C:H/I:N/A:N,SC7731E/SC9832E/SC9863A/T310/T606/T612/T616/T610/T618/T760/T770/T820/S8000,Android11/Android12,2023-12-03,https://www.unisoc.com/en/support/product-security-bulletin/1731138304134414338
CVE-2023-42711,Exposure of Sensitive Information to an Unauthorized Actor in firewall service,"In firewall service, there is a possible way to write permission usage records of an app due to a missing permission check. This could lead to local information disclosure with no additional execution privileges needed.",Android,CWE-200Exposureof Sensitive Information to anUnauthorizedActor,Local,Medium,6.2,CVSS:3.1/AV:L/AC:L/PR:N/UI:N/S:U/C:H/I:N/A:N,SC7731E/SC9832E/SC9863A/T310/T606/T612/T616/T610/T618/T760/T770/T820/S8000,Android11/Android12,2023-12-03,https://www.unisoc.com/en/support/product-security-bulletin/1731138304134414338
CVE-2023-42712,Exposure of Sensitive Information to an Unauthorized Actor in firewall service,"In firewall service, there is a possible way to write permission usage records of an app due to a missing permission check. This could lead to local information disclosure with no additional execution privileges needed.",Android,CWE-200Exposureof Sensitive Information to anUnauthorizedActor,Local,Medium,6.2,CVSS:3.1/AV:L/AC:L/PR:N/UI:N/S:U/C:H/I:N/A:N,SC7731E/SC9832E/SC9863A/T310/T606/T612/T616/T610/T618/T760/T770/T820/S8000,Android11/Android12,2023-12-03,https://www.unisoc.com/en/support/product-security-bulletin/1731138304134414338
CVE-2023-42713,Exposure of Sensitive Information to an Unauthorized Actor in firewall service,"In firewall service, there is a possible way to write permission usage records of an app due to a missing permission check. This could lead to local information disclosure with no additional execution privileges needed.",Android,CWE-200Exposureof Sensitive Information to anUnauthorizedActor,Local,Medium,6.2,CVSS:3.1/AV:L/AC:L/PR:N/UI:N/S:U/C:H/I:N/A:N,SC7731E/SC9832E/SC9863A/T310/T606/T612/T616/T610/T618/T760/T770/T820/S8000,Android11/Android12,2023-12-03,https://www.unisoc.com/en/support/product-security-bulletin/1731138304134414338
CVE-2023-42714,Exposure of Sensitive Information to an Unauthorized Actor in firewall service,"In firewall service, there is a possible way to write permission usage records of an app due to a missing permission check. This could lead to local information disclosure with no additional execution privileges needed.",Android,CWE-200Exposureof Sensitive Information to anUnauthorizedActor,Local,Medium,6.2,CVSS:3.1/AV:L/AC:L/PR:N/UI:N/S:U/C:H/I:N/A:N,SC7731E/SC9832E/SC9863A/T310/T606/T612/T616/T610/T618/T760/T770/T820/S8000,Android11/Android12,2023-12-03,https://www.unisoc.com/en/support/product-security-bulletin/1731138304134414338
CVE-2023-42715,Exposure of Sensitive Information to an Unauthorized Actor in telephony service,"In telephony service, there is a possible missing permission check. This could lead to local information disclosure with no additional execution privileges needed.",Android,CWE-200Exposureof Sensitive Information to anUnauthorizedActor,Local,Medium,6.2,CVSS:3.1/AV:L/AC:L/PR:N/UI:N/S:U/C:H/I:N/A:N,SC7731E/SC9832E/SC9863A/T310/T606/T612/T616/T610/T618/T760/T770/T820/S8000,Android11/Android12,2023-12-03,https://www.unisoc.com/en/support/product-security-bulletin/1731138304134414338
CVE-2023-42716,Exposure of Sensitive Information to an Unauthorized Actor in telephony service,"In telephony service, there is a possible missing permission check. This could lead to remote information disclosure no additional execution privileges needed.",Android,CWE-200Exposureof Sensitive Information to anUnauthorizedActor,Local,Medium,4,CVSS:3.1/AV:L/AC:L/PR:N/UI:N/S:U/C:L/I:N/A:N,SC7731E/SC9832E/SC9863A/T310/T606/T612/T616/T610/T618/T760/T770/T820/S8000,Android11/Android12,2023-12-03,https://www.unisoc.com/en/support/product-security-bulletin/1731138304134414338
CVE-2023-42717,Exposure of Sensitive Information to an Unauthorized Actor in telephony service,"In telephony service, there is a possible missing permission check. This could lead to remote information disclosure no additional execution privileges needed.",Android,CWE-200Exposureof Sensitive Information to anUnauthorizedActor,Local,Medium,6.2,CVSS:3.1/AV:L/AC:L/PR:N/UI:N/S:U/C:H/I:N/A:N,SC7731E/SC9832E/SC9863A/T310/T606/T612/T616/T610/T618/T760/T770/T820/S8000,Android11/Android12,2023-12-03,https://www.unisoc.com/en/support/product-security-bulletin/1731138304134414338
CVE-2023-42718,Exposure of Sensitive Information to an Unauthorized Actor in dialer,"In dialer, there is a possible way to write permission usage records of an app due to a missing permission check. This could lead to local information disclosure with no additional execution privileges needed.",Android,CWE-200Exposureof Sensitive Information to anUnauthorizedActor,Local,Medium,4,CVSS:3.1/AV:L/AC:L/PR:N/UI:N/S:U/C:L/I:N/A:N,SC7731E/SC9832E/SC9863A/T310/T606/T612/T616/T610/T618/T760/T770/T820/S8000,Android11/Android12/Android13,2023-12-03,https://www.unisoc.com/en/support/product-security-bulletin/1731138304134414338
CVE-2023-42719,Out-of-bounds Read in video service,"In video service, there is a possible out of bounds read due to a incorrect bounds check. This could lead to local denial of service with no additional execution privileges needed.",Android,cwe-125 Out-of-bounds Read,Network,Medium,6.5,CVSS:3.1/AV:N/AC:L/PR:N/UI:R/S:U/C:H/I:N/A:N,T606/T612/T616,Android12,2023-12-03,https://www.unisoc.com/en/support/product-security-bulletin/1731138304134414338
CVE-2023-42720,Out-of-bounds Read in video service,"In video service, there is a possible out of bounds read due to a missing bounds check. This could lead to local denial of service with no additional execution privileges needed.",Android,cwe-125 Out-of-bounds Read,Network,Medium,6.5,CVSS:3.1/AV:N/AC:L/PR:N/UI:R/S:U/C:H/I:N/A:N,T760/T770/T820/S8000,Android11,2023-12-03,https://www.unisoc.com/en/support/product-security-bulletin/1731138304134414338
CVE-2023-42721,Improper Restriction of Operations within the Bounds of a Memory Buffer in flv extractor,"In flv extractor, there is a possible missing verification incorrect input. This could lead to local denial of service with no additional execution privileges needed.",Android,cwe-119ImproperRestrictionofOperationswithintheBoundsofaMemory B,Network,Medium,4.3,CVSS:3.1/AV:N/AC:L/PR:N/UI:R/S:U/C:N/I:N/A:L,SC9863A,Android11,2023-12-03,https://www.unisoc.com/en/support/product-security-bulletin/1731138304134414338
CVE-2023-42722,Improper Restriction of Operations within the Bounds of a Memory Buffer in camera service,"In camera service, there is a possible use after free due to a logic error. This could lead to local escalation of privilege with System execution privileges needed.",Android,cwe-119ImproperRestrictionofOperationswithintheBoundsofaMemory B,Local,Medium,4,CVSS:3.1/AV:L/AC:L/PR:N/UI:N/S:U/C:N/I:L/A:N,SC7731E/SC9832E/SC9863A/T310/T606/T612/T616/T610/T618/T760/T770/T820/S8000,Android11,2023-12-03,https://www.unisoc.com/en/support/product-security-bulletin/1731138304134414338
CVE-2023-42723,Out-of-bounds Read in camera service,"In camera service, there is a possible out of bounds read due to a missing bounds check. This could lead to local denial of service with no additional execution privileges needed.",Android,cwe-125 Out-of-bounds Read,Local,Medium,4,CVSS:3.1/AV:L/AC:L/PR:N/UI:N/S:U/C:N/I:L/A:N,SC7731E/SC9832E/SC9863A/T310/T606/T612/T616/T610/T618/T760/T770/T820/S8000,Android11,2023-12-03,https://www.unisoc.com/en/support/product-security-bulletin/1731138304134414338
CVE-2023-42724,Out-of-bounds Read in gpu driver,"In gpu driver, there is a possible out of bounds read due to a missing bounds check. This could lead to local denial of service with System execution privileges needed.",Kernel,cwe-125 Out-of-bounds Read,Local,Medium,5.6,CVSS:3.1/AV:L/AC:L/PR:H/UI:N/S:U/C:L/I:L/A:H,SC9863A/T310/T606/T612/T616/T610/T618/T760/T770/T820/S8000,Android11,2023-12-03,https://www.unisoc.com/en/support/product-security-bulletin/1731138304134414338
CVE-2023-42725,Out-of-bounds Read in gpu driver,"In gpu driver, there is a possible out of bounds read due to a missing bounds check. This could lead to local denial of service with System execution privileges needed.",Kernel,cwe-125 Out-of-bounds Read,Local,Medium,5.6,CVSS:3.1/AV:L/AC:L/PR:H/UI:N/S:U/C:L/I:L/A:H,SC9863A/T310/T606/T612/T616/T610/T618/T760/T770/T820/S8000,Android11,2023-12-03,https://www.unisoc.com/en/support/product-security-bulletin/1731138304134414338
CVE-2023-42726,Out-of-bounds Read in TeleService,"In TeleService, there is a possible out of bounds read due to a missing bounds check. This could lead to local denial of service with System execution privileges needed.",Android,cwe-125 Out-of-bounds Read,Local,Medium,5.6,CVSS:3.1/AV:L/AC:L/PR:H/UI:N/S:U/C:L/I:L/A:H,SC9863A/T310/T606/T612/T616/T610/T618/T760/T770/T820/S8000,Android11,2023-12-03,https://www.unisoc.com/en/support/product-security-bulletin/1731138304134414338
CVE-2023-42727,Out-of-bounds Write in gpu driver,"In gpu driver, there is a possible out of bounds write due to a incorrect bounds check. This could lead to local denial of service with System execution privileges needed.",Kernel,cwe-787 Out-of-bounds Write,Local,Medium,5.6,CVSS:3.1/AV:L/AC:L/PR:H/UI:N/S:U/C:L/I:L/A:H,SC9863A/T310/T606/T612/T616/T610/T618/T760/T770/T820/S8000,Android13/Android12/Android11,2023-12-03,https://www.unisoc.com/en/support/product-security-bulletin/1731138304134414338
CVE-2023-42728,Out-of-bounds Read in phasecheckserver,"In phasecheckserver, there is a possible out of bounds read due to a missing bounds check. This could lead to local denial of service with no additional execution privileges needed.",Android,cwe-125 Out-of-bounds Read,Local,Medium,5.1,CVSS:3.1/AV:L/AC:L/PR:N/UI:N/S:U/C:N/I:L/A:L,SC7731E/SC9832E/SC9863A/T310/T606/T612/T616/T610/T618/T760/T770/T820/S8000,Android11/Android12/Android13,2023-12-03,https://www.unisoc.com/en/support/product-security-bulletin/1731138304134414338
CVE-2023-42729,Out-of-bounds Write in ril service,"In ril service, there is a possible out of bounds write due to a missing bounds check. This could lead to local denial of service with System execution privileges needed.",Android,cwe-787 Out-of-bounds Write,Local,Medium,6.7,CVSS:3.1/AV:L/AC:L/PR:H/UI:N/S:U/C:H/I:H/A:H,SC7731E/SC9832E/SC9863A/T310/T606/T612/T616/T610/T618/T760/T770/T820/S8000,Android12/Android13,2023-12-03,https://www.unisoc.com/en/support/product-security-bulletin/1731138304134414338
CVE-2023-42730,Exposure of Sensitive Information to an Unauthorized Actor in IMS service,"In IMS service, there is a possible way to write permission usage records of an app due to a missing permission check. This could lead to local information disclosure with no additional execution privileges needed.",Android,CWE-200Exposureof Sensitive Information to anUnauthorizedActor,Local,Medium,4,CVSS:3.1/AV:L/AC:L/PR:N/UI:N/S:U/C:L/I:N/A:N,SC7731E/SC9832E/SC9863A/T310/T606/T612/T616/T610/T618/T760/T770/T820/S8000,Android11/Android12/Android13,2023-12-03,https://www.unisoc.com/en/support/product-security-bulletin/1731138304134414338
CVE-2023-42731,Buffer Copy without Checking Size of Input ('Classic Buffer Overflow') in Gnss service,"In Gnss service, there is a possible out of bounds read due to a missing bounds check. This could lead to local denial of service with System execution privileges needed.",Android,cwe-120 Buffer Copy without Checking Size of Input ('Classic Buffer Overflow'),Local,Medium,4.2,CVSS:3.1/AV:L/AC:L/PR:H/UI:N/S:U/C:L/I:L/A:L,T606/T612/T616,Android11/Android12/Android13,2023-12-03,https://www.unisoc.com/en/support/product-security-bulletin/1731138304134414338
CVE-2023-42751,Buffer Copy without Checking Size of Input ('Classic Buffer Overflow') in gnss service,"In gnss service, there is a possible out of bounds write due to a missing bounds check. This could lead to local denial of service with System execution privileges needed.",WCN,cwe-120 Buffer Copy without Checking Size of Input ('Classic Buffer Overflow'),Local,Medium,5.9,CVSS:3.1/AV:L/AC:L/PR:N/UI:N/S:U/C:L/I:L/A:L,SC7731E/SC9832E/SC9863A/T310/T606/T612/T616/T610/T618/T760/T770/T820/S8000,Android11/Android12/Android13,2023-12-03,https://www.unisoc.com/en/support/product-security-bulletin/1731138304134414338
CVE-2022-48462,Buffer Copy without Checking Size of Input ('Classic Buffer Overflow') in wifi service,"In wifi service, there is a possible out of bounds write due to a missing bounds check. This could lead to local denial of service with no additional execution privileges needed.",Android,cwe-120 Buffer Copy without Checking Size of Input ('Classic Buffer Overflow'),Local,Medium,6.7,CVSS:3.1/AV:L/AC:L/PR:H/UI:N/S:U/C:H/I:H/A:H,SC7731E/SC9832E/SC9863A/T310/T606/T612/T616/T610/T618/T760/T770/T820/S8000,Android10,2023-12-03,https://www.unisoc.com/en/support/product-security-bulletin/1731138304134414338
CVE-2022-48463,Buffer Copy without Checking Size of Input ('Classic Buffer Overflow') in wifi service,"In wifi service, there is a possible out of bounds write due to a missing bounds check. This could lead to local denial of service with no additional execution privileges needed.",Android,cwe-120 Buffer Copy without Checking Size of Input ('Classic Buffer Overflow'),Local,Medium,6.7,CVSS:3.1/AV:L/AC:L/PR:H/UI:N/S:U/C:H/I:H/A:H,SC7731E/SC9832E/SC9863A/T310/T606/T612/T616/T610/T618/T760/T770/T820/S8000,Android10,2023-12-03,https://www.unisoc.com/en/support/product-security-bulletin/1731138304134414338
CVE-2022-48464,Buffer Copy without Checking Size of Input ('Classic Buffer Overflow') in wifi service,"In wifi service, there is a possible out of bounds write due to a missing bounds check. This could lead to local denial of service with no additional execution privileges needed.",Android,cwe-120 Buffer Copy without Checking Size of Input ('Classic Buffer Overflow'),Local,Medium,6.7,CVSS:3.1/AV:L/AC:L/PR:H/UI:N/S:U/C:H/I:H/A:H,SC7731E/SC9832E/SC9863A/T310/T606/T612/T616/T610/T618/T760/T770/T820/S8000,Android10,2023-12-03,https://www.unisoc.com/en/support/product-security-bulletin/1731138304134414338
CVE-2023-42732,Exposure of Sensitive Information to an Unauthorized Actor in telephony service,"In telephony service, there is a possible missing permission check. This could lead to local information disclosure with no additional execution privileges needed.",Android,CWE-200Exposureof Sensitive Information to anUnauthorizedActor,Local,Medium,4,CVSS:3.1/AV:L/AC:L/PR:N/UI:N/S:U/C:L/I:N/A:N,SC7731E/SC9832E/SC9863A/T310/T606/T612/T616/T610/T618/T760/T770/T820/S8000,Android11/Android12/Android13,2023-12-03,https://www.unisoc.com/en/support/product-security-bulletin/1731138304134414338
CVE-2023-42733,Exposure of Sensitive Information to an Unauthorized Actor in telephony service,"In telephony service, there is a possible missing permission check. This could lead to local information disclosure with no additional execution privileges needed.",Android,CWE-200Exposureof Sensitive Information to anUnauthorizedActor,Local,Medium,6.2,CVSS:3.1/AV:L/AC:L/PR:N/UI:N/S:U/C:H/I:N/A:N,SC7731E/SC9832E/SC9863A/T310/T606/T612/T616/T610/T618/T760/T770/T820/S8000,Android11/Android12/Android13,2023-12-03,https://www.unisoc.com/en/support/product-security-bulletin/1731138304134414338
CVE-2023-42734,Exposure of Sensitive Information to an Unauthorized Actor in telephony service,"In telephony service, there is a possible missing permission check. This could lead to local information disclosure with no additional execution privileges needed.",Android,CWE-200Exposureof Sensitive Information to anUnauthorizedActor,Local,Medium,6.2,CVSS:3.1/AV:L/AC:L/PR:N/UI:N/S:U/C:H/I:N/A:N,SC7731E/SC9832E/SC9863A/T310/T606/T612/T616/T610/T618/T760/T770/T820/S8000,Android11/Android13/Android12,2023-12-03,https://www.unisoc.com/en/support/product-security-bulletin/1731138304134414338
CVE-2023-42735,Exposure of Sensitive Information to an Unauthorized Actor in telephony service,"In telephony service, there is a possible missing permission check. This could lead to local information disclosure with System execution privileges needed.",Android,CWE-200Exposureof Sensitive Information to anUnauthorizedActor,Local,Medium,6.2,CVSS:3.1/AV:L/AC:L/PR:N/UI:N/S:U/C:H/I:N/A:N,SC7731E/SC9832E/SC9863A/T310/T606/T612/T616/T610/T618/T760/T770/T820/S8000,Android11/Android12/Android13,2023-12-03,https://www.unisoc.com/en/support/product-security-bulletin/1731138304134414338
CVE-2023-42736,Missing Authorization in telecom service,"In telecom service, there is a possible missing permission check. This could lead to local escalation of privilege with no additional execution privileges needed.",Android,cwe-862 Missing Authorization,Local,Medium,4.4,CVSS:3.1/AV:L/AC:L/PR:L/UI:N/S:U/C:N/I:L/A:L,SC7731E/SC9832E/SC9863A/T310/T606/T612/T616/T610/T618/T760/T770/T820/S8000,Android11/Android12/Android13,2023-12-03,https://www.unisoc.com/en/support/product-security-bulletin/1731138304134414338
CVE-2023-42737,Exposure of Sensitive Information to an Unauthorized Actor in telecom service,"In telecom service, there is a possible way to write permission usage records of an app due to a missing permission check. This could lead to local information disclosure with no additional execution privileges needed.",Android,CWE-200Exposureof Sensitive Information to anUnauthorizedActor,Local,Medium,4,CVSS:3.1/AV:L/AC:L/PR:N/UI:N/S:U/C:L/I:N/A:N,SC7731E/SC9832E/SC9863A/T310/T606/T612/T616/T610/T618/T760/T770/T820/S8000,Android11/Android12/Android13,2023-12-03,https://www.unisoc.com/en/support/product-security-bulletin/1731138304134414338
CVE-2023-42738,Missing Authorization in telocom service,"In telocom service, there is a possible missing permission check. This could lead to local escalation of privilege with no additional execution privileges needed.",Android,cwe-862 Missing Authorization,Local,Medium,5.7,CVSS:3.1/AV:L/AC:L/PR:N/UI:N/S:C/C:N/I:L/A:L,SC7731E/SC9832E/SC9863A/T310/T606/T612/T616/T610/T618/T760/T770/T820/S8000,Android11/Android12/Android13,2023-12-03,https://www.unisoc.com/en/support/product-security-bulletin/1731138304134414338
CVE-2023-42739,Exposure of Sensitive Information to an Unauthorized Actor in engineermode service,"In engineermode service, there is a possible way to write permission usage records of an app due to a missing permission check. This could lead to local escalation of privilege with no additional execution privileges needed.",Android,CWE-200Exposureof Sensitive Information to anUnauthorizedActor,Local,Medium,4,CVSS:3.1/AV:L/AC:L/PR:N/UI:N/S:U/C:L/I:N/A:N,SC7731E/SC9832E/SC9863A/T310/T606/T612/T616/T610/T618/T760/T770/T820/S8000,Android11/Android12/Android13,2023-12-03,https://www.unisoc.com/en/support/product-security-bulletin/1731138304134414338
CVE-2023-42740,Missing Authorization in telecom service,"In telecom service, there is a possible way to write permission usage records of an app due to a missing permission check. This could lead to local escalation of privilege with no additional execution privileges needed.",Android,cwe-862 Missing Authorization,Local,Medium,5.1,CVSS:3.1/AV:L/AC:L/PR:N/UI:N/S:U/C:N/I:L/A:L,SC7731E/SC9832E/SC9863A/T310/T606/T612/T616/T610/T618/T760/T770/T820/S8000,Android11/Android12/Android13,2023-12-03,https://www.unisoc.com/en/support/product-security-bulletin/1731138304134414338
CVE-2023-42741,Exposure of Sensitive Information to an Unauthorized Actor in telecom service,"In telecom service, there is a possible way to write permission usage records of an app due to a missing permission check. This could lead to local information disclosure with no additional execution privileges needed.",Android,CWE-200Exposureof Sensitive Information to anUnauthorizedActor,Local,Medium,4,CVSS:3.1/AV:L/AC:L/PR:N/UI:N/S:U/C:L/I:N/A:N,SC7731E/SC9832E/SC9863A/T310/T606/T612/T616/T610/T618/T760/T770/T820/S8000,Android11/Android12/Android13,2023-12-03,https://www.unisoc.com/en/support/product-security-bulletin/1731138304134414338
CVE-2023-42742,Missing Authorization in sysui,"In sysui, there is a possible missing permission check. This could lead to local denial of service with no additional execution privileges needed.",Android,cwe-862 Missing Authorization,Local,Medium,5.1,CVSS:3.1/AV:L/AC:L/PR:N/UI:N/S:U/C:N/I:L/A:L,SC7731E/SC9832E/SC9863A/T310/T606/T612/T616/T610/T618/T760/T770/T820/S8000,Android11/Android12/Android13,2023-12-03,https://www.unisoc.com/en/support/product-security-bulletin/1731138304134414338
CVE-2023-42743,Missing Authorization in telecom service,"In telecom service, there is a possible missing permission check. This could lead to local escalation of privilege with no additional execution privileges needed.",Android,cwe-862 Missing Authorization,Local,Medium,5.1,CVSS:3.1/AV:L/AC:L/PR:N/UI:N/S:U/C:N/I:L/A:L,SC7731E/SC9832E/SC9863A/T310/T606/T612/T616/T610/T618/T760/T770/T820/S8000,Android11/Android12/Android13,2023-12-03,https://www.unisoc.com/en/support/product-security-bulletin/1731138304134414338
CVE-2023-42744,Missing Authorization in telecom service,"In telecom service, there is a possible missing permission check. This could lead to local denial of service with no additional execution privileges needed.",Android,cwe-862 Missing Authorization,Local,Medium,5.1,CVSS:3.1/AV:L/AC:L/PR:N/UI:N/S:U/C:N/I:L/A:L,SC7731E/SC9832E/SC9863A/T310/T606/T612/T616/T610/T618/T760/T770/T820/S8000,Android11/Android12/Android13,2023-12-03,https://www.unisoc.com/en/support/product-security-bulletin/1731138304134414338
CVE-2023-42745,Missing Authorization in telecom service,"In telecom service, there is a possible missing permission check. This could lead to local escalation of privilege with no additional execution privileges needed.",Android,cwe-862 Missing Authorization,Local,Medium,5.1,CVSS:3.1/AV:L/AC:L/PR:N/UI:N/S:U/C:N/I:L/A:L,SC7731E/SC9832E/SC9863A/T310/T606/T612/T616/T610/T618/T760/T770/T820/S8000,Android11/Android12/Android13,2023-12-03,https://www.unisoc.com/en/support/product-security-bulletin/1731138304134414338
CVE-2023-42746,Missing Authorization in power manager,"In power manager, there is a possible missing permission check. This could lead to local escalation of privilege with no additional execution privileges needed.",Android,cwe-862 Missing Authorization,Local,Medium,5.1,CVSS:3.1/AV:L/AC:L/PR:N/UI:N/S:U/C:N/I:L/A:L,SC7731E/SC9832E/SC9863A/T310/T606/T612/T616/T610/T618/T760/T770/T820/S8000,Android11/Android12/Android13,2023-12-03,https://www.unisoc.com/en/support/product-security-bulletin/1731138304134414338
CVE-2023-42747,Missing Authorization in camera service,"In camera service, there is a possible missing permission check. This could lead to local escalation of privilege with no additional execution privileges needed.",Android,cwe-862 Missing Authorization,Local,Medium,5.1,CVSS:3.1/AV:L/AC:L/PR:N/UI:N/S:U/C:N/I:L/A:L,SC7731E/SC9832E/SC9863A/T310/T606/T612/T616/T610/T618/T760/T770/T820/S8000,Android11/Android12/Android13,2023-12-03,https://www.unisoc.com/en/support/product-security-bulletin/1731138304134414338
CVE-2023-42748,Missing Authorization in telecom service,"In telecom service, there is a possible missing permission check. This could lead to local escalation of privilege with no additional execution privileges needed.",Android,cwe-862 Missing Authorization,Local,Medium,5.1,CVSS:3.1/AV:L/AC:L/PR:N/UI:N/S:U/C:N/I:L/A:L,SC7731E/SC9832E/SC9863A/T310/T606/T612/T616/T610/T618/T760/T770/T820/S8000,Android11/Android12/Android13,2023-12-03,https://www.unisoc.com/en/support/product-security-bulletin/1731138304134414338
CVE-2023-42749,Exposure of Sensitive Information to an Unauthorized Actor in enginnermode service,"In enginnermode service, there is a possible way to write permission usage records of an app due to a missing permission check. This could lead to local information disclosure with no additional execution privileges needed.",Android,CWE-200Exposureof Sensitive Information to anUnauthorizedActor,Local,Medium,4,CVSS:3.1/AV:L/AC:L/PR:N/UI:N/S:U/C:L/I:N/A:N,SC7731E/SC9832E/SC9863A/T310/T606/T612/T616/T610/T618/T760/T770/T820/S8000,Android11/Android12/Android13,2023-12-03,https://www.unisoc.com/en/support/product-security-bulletin/1731138304134414338
CVE-2022-48454,Buffer Copy without Checking Size of Input ('Classic Buffer Overflow') in wifi service,"In wifi service, there is a possible out of bounds write due to a missing bounds check. This could lead to local denial of service with no additional execution privileges needed",Android,cwe-120 Buffer Copy without Checking Size of Input ('Classic Buffer Overflow'),Local,High,8.4,CVSS:3.1/AV:L/AC:L/PR:N/UI:N/S:U/C:H/I:H/A:H,SC7731E/SC9832E/SC9863A/T310/T606/T612/T616/T610/T618/T760/T770/T820/S8000,Android10,2023-12-03,https://www.unisoc.com/en/support/product-security-bulletin/1731138304134414338
CVE-2022-48455,Buffer Copy without Checking Size of Input ('Classic Buffer Overflow') in wifi service,"In wifi service, there is a possible out of bounds write due to a missing bounds check. This could lead to local denial of service with no additional execution privileges needed",Android,cwe-120 Buffer Copy without Checking Size of Input ('Classic Buffer Overflow'),Local,High,8.4,CVSS:3.1/AV:L/AC:L/PR:N/UI:N/S:U/C:H/I:H/A:H,SC7731E/SC9832E/SC9863A/T310/T606/T612/T616/T610/T618/T760/T770/T820/S8000,Android10,2023-12-03,https://www.unisoc.com/en/support/product-security-bulletin/1731138304134414338
CVE-2022-48456,Improper Restriction of Operations within the Bounds of a Memory Buffer in camera driver,"In camera driver, there is a possible out of bounds write due to a incorrect bounds check. This could lead to local denial of service with System execution privileges needed",Kernel,cwe-119ImproperRestrictionofOperationswithintheBoundsofaMemory B,Local,High,7.3,CVSS:3.1/AV:L/AC:L/PR:L/UI:N/S:U/C:L/I:H/A:H,SC7731E/SC9832E/SC9863A/T310/T606/T612/T616/T610/T618/T760/T770/T820/S8000,Android11/Android12/Android13,2023-12-03,https://www.unisoc.com/en/support/product-security-bulletin/1731138304134414338
CVE-2022-48457,Incorrect Permission Assignment for Critical Resource in TeleService,"In TeleService, there is a possible system crash due to improper input validation. This could lead to local denial of service with no additional execution privileges needed",Android,cwe-732 Incorrect Permission Assignment for Critical Resource,Local,High,7.1,CVSS:3.1/AV:L/AC:L/PR:N/UI:N/S:C/C:N/I:N/A:H,SC7731E/SC9832E/SC9863A/T310/T606/T612/T616/T610/T618/T760/T770/T820/S8000,Android11/Android12,2023-12-03,https://www.unisoc.com/en/support/product-security-bulletin/1731138304134414338
CVE-2022-48458,Incorrect Permission Assignment for Critical Resource in TeleService,"In TeleService, there is a possible system crash due to improper input validation. This could lead to local denial of service with no additional execution privileges needed",Android,cwe-732 Incorrect Permission Assignment for Critical Resource,Local,High,7.1,CVSS:3.1/AV:L/AC:L/PR:N/UI:N/S:C/C:N/I:N/A:H,SC7731E/SC9832E/SC9863A/T310/T606/T612/T616/T610/T618/T760/T770/T820/S8000,Android11/Android12,2023-12-03,https://www.unisoc.com/en/support/product-security-bulletin/1731138304134414338
CVE-2022-48459,Incorrect Permission Assignment for Critical Resource in TeleService,"In TeleService, there is a possible system crash due to improper input validation. This could lead to local denial of service with no additional execution privileges needed",Android,cwe-732 Incorrect Permission Assignment for Critical Resource,Local,High,7.1,CVSS:3.1/AV:L/AC:L/PR:N/UI:N/S:C/C:N/I:N/A:H,SC7731E/SC9832E/SC9863A/T310/T606/T612/T616/T610/T618/T760/T770/T820/S8000,Android11/Android12,2023-12-03,https://www.unisoc.com/en/support/product-security-bulletin/1731138304134414338
CVE-2022-48461,Stack-based Buffer Overflow in sensor driver,"In sensor driver, there is a possible out of bounds write due to a missing bounds check. This could lead to local denial of service with System execution privileges needed",Kernel,cwe-121 Stack-based Buffer Overflow,Local,High,7.3,CVSS:3.1/AV:L/AC:L/PR:L/UI:N/S:U/C:L/I:H/A:H,SC7731E/SC9832E/SC9863A/T310/T606/T612/T616/T610/T618/T760/T770/T820/S8000,Android11/Android12/Android13,2023-12-03,https://www.unisoc.com/en/support/product-security-bulletin/1731138304134414338
CVE-2023-42631,Exposure of Sensitive Information to an Unauthorized Actor in validationtools,"In validationtools, there is a possible missing permission check. This could lead to local information disclosure with no additional execution privileges needed.",Android,CWE-200Exposureof Sensitive Information to anUnauthorizedActor,Local,Medium,4,CVSS:3.1/AV:L/AC:L/PR:N/UI:N/S:U/C:L/I:N/A:N,SC7731E/SC9832E/SC9863A/T310/T606/T612/T616/T610/T618/T760/T770/T820/S8000,Android11/Android12/Android13,2023-11-01,https://www.unisoc.com/en/support/product-security-bulletin/1719615682108260353
CVE-2023-42632,Exposure of Sensitive Information to an Unauthorized Actor in validationtools,"In validationtools, there is a possible missing permission check. This could lead to local information disclosure with no additional execution privileges needed.",Android,CWE-200Exposureof Sensitive Information to anUnauthorizedActor,Local,Medium,4,CVSS:3.1/AV:L/AC:L/PR:N/UI:N/S:U/C:L/I:N/A:N,SC7731E/SC9832E/SC9863A/T310/T606/T612/T616/T610/T618/T760/T770/T820/S8000,Android11/Android12/Android13,2023-11-01,https://www.unisoc.com/en/support/product-security-bulletin/1719615682108260353
CVE-2023-42633,Exposure of Sensitive Information to an Unauthorized Actor in validationtools,"In validationtools, there is a possible missing permission check. This could lead to local information disclosure with no additional execution privileges needed.",Android,CWE-200Exposureof Sensitive Information to anUnauthorizedActor,Local,Medium,4,CVSS:3.1/AV:L/AC:L/PR:N/UI:N/S:U/C:L/I:N/A:N,SC7731E/SC9832E/SC9863A/T310/T606/T612/T616/T610/T618/T760/T770/T820/S8000,Android11/Android12/Android13,2023-11-01,https://www.unisoc.com/en/support/product-security-bulletin/1719615682108260353
CVE-2023-42634,Exposure of Sensitive Information to an Unauthorized Actor in validationtools,"In validationtools, there is a possible missing permission check. This could lead to local information disclosure with no additional execution privileges needed.",Android,CWE-200Exposureof Sensitive Information to anUnauthorizedActor,Local,Medium,4,CVSS:3.1/AV:L/AC:L/PR:N/UI:N/S:U/C:L/I:N/A:N,SC7731E/SC9832E/SC9863A/T310/T606/T612/T616/T610/T618/T760/T770/T820/S8000,Android13/Android12/Android11,2023-11-01,https://www.unisoc.com/en/support/product-security-bulletin/1719615682108260353
CVE-2023-42635,Exposure of Sensitive Information to an Unauthorized Actor in validationtools,"In validationtools, there is a possible missing permission check. This could lead to local information disclosure with no additional execution privileges needed.",Android,CWE-200Exposureof Sensitive Information to anUnauthorizedActor,Local,Medium,4,CVSS:3.1/AV:L/AC:L/PR:N/UI:N/S:U/C:L/I:N/A:N,SC7731E/SC9832E/SC9863A/T310/T606/T612/T616/T610/T618/T760/T770/T820/S8000,Android11/Android12/Android13,2023-11-01,https://www.unisoc.com/en/support/product-security-bulletin/1719615682108260353
CVE-2023-42636,Exposure of Sensitive Information to an Unauthorized Actor in validationtools,"In validationtools, there is a possible missing permission check. This could lead to local information disclosure with no additional execution privileges needed.",Android,CWE-200Exposureof Sensitive Information to anUnauthorizedActor,Local,Medium,4,CVSS:3.1/AV:L/AC:L/PR:N/UI:N/S:U/C:L/I:N/A:N,SC7731E/SC9832E/SC9863A/T310/T606/T612/T616/T610/T618/T760/T770/T820/S8000,Android11/Android12/Android13,2023-11-01,https://www.unisoc.com/en/support/product-security-bulletin/1719615682108260353
CVE-2023-42637,Exposure of Sensitive Information to an Unauthorized Actor in validationtools,"In validationtools, there is a possible missing permission check. This could lead to local information disclosure with no additional execution privileges needed.",Android,CWE-200Exposureof Sensitive Information to anUnauthorizedActor,Local,Medium,4,CVSS:3.1/AV:L/AC:L/PR:N/UI:N/S:U/C:L/I:N/A:N,SC7731E/SC9832E/SC9863A/T310/T606/T612/T616/T610/T618/T760/T770/T820/S8000,Android11/Android12/Android13,2023-11-01,https://www.unisoc.com/en/support/product-security-bulletin/1719615682108260353
CVE-2023-42638,Exposure of Sensitive Information to an Unauthorized Actor in validationtools,"In validationtools, there is a possible missing permission check. This could lead to local information disclosure with no additional execution privileges needed.",Android,CWE-200Exposureof Sensitive Information to anUnauthorizedActor,Local,Medium,4,CVSS:3.1/AV:L/AC:L/PR:N/UI:N/S:U/C:L/I:N/A:N,SC7731E/SC9832E/SC9863A/T310/T606/T612/T616/T610/T618/T760/T770/T820/S8000,Android11/Android12/Android13,2023-11-01,https://www.unisoc.com/en/support/product-security-bulletin/1719615682108260353
CVE-2023-42639,Exposure of Sensitive Information to an Unauthorized Actor in validationtools,"In validationtools, there is a possible missing permission check. This could lead to local information disclosure with no additional execution privileges needed.",Android,CWE-200Exposureof Sensitive Information to anUnauthorizedActor,Local,Medium,4,CVSS:3.1/AV:L/AC:L/PR:N/UI:N/S:U/C:L/I:N/A:N,SC7731E/SC9832E/SC9863A/T310/T606/T612/T616/T610/T618/T760/T770/T820/S8000,Android11/Android12/Android13,2023-11-01,https://www.unisoc.com/en/support/product-security-bulletin/1719615682108260353
CVE-2023-42640,Exposure of Sensitive Information to an Unauthorized Actor in validationtools,"In validationtools, there is a possible missing permission check. This could lead to local information disclosure with no additional execution privileges needed.",Android,CWE-200Exposureof Sensitive Information to anUnauthorizedActor,Local,Medium,4,CVSS:3.1/AV:L/AC:L/PR:N/UI:N/S:U/C:L/I:N/A:N,SC7731E/SC9832E/SC9863A/T310/T606/T612/T616/T610/T618/T760/T770/T820/S8000,Android11/Android12/Android13,2023-11-01,https://www.unisoc.com/en/support/product-security-bulletin/1719615682108260353
CVE-2023-42641,Exposure of Sensitive Information to an Unauthorized Actor in validationtools,"In validationtools, there is a possible missing permission check. This could lead to local information disclosure with no additional execution privileges needed.",Android,CWE-200Exposureof Sensitive Information to anUnauthorizedActor,Local,Medium,4,CVSS:3.1/AV:L/AC:L/PR:N/UI:N/S:U/C:L/I:N/A:N,SC7731E/SC9832E/SC9863A/T310/T606/T612/T616/T610/T618/T760/T770/T820/S8000,Android11/Android12/Android13,2023-11-01,https://www.unisoc.com/en/support/product-security-bulletin/1719615682108260353
CVE-2023-42642,Exposure of Sensitive Information to an Unauthorized Actor in validationtools,"In validationtools, there is a possible missing permission check. This could lead to local information disclosure with no additional execution privileges needed.",Android,CWE-200Exposureof Sensitive Information to anUnauthorizedActor,Local,Medium,4,CVSS:3.1/AV:L/AC:L/PR:N/UI:N/S:U/C:L/I:N/A:N,SC7731E/SC9832E/SC9863A/T310/T606/T612/T616/T610/T618/T760/T770/T820/S8000,Android11/Android12/Android13,2023-11-01,https://www.unisoc.com/en/support/product-security-bulletin/1719615682108260353
CVE-2023-42643,Exposure of Sensitive Information to an Unauthorized Actor in validationtools,"In validationtools, there is a possible missing permission check. This could lead to local information disclosure with no additional execution privileges needed.",Android,CWE-200Exposureof Sensitive Information to anUnauthorizedActor,Local,Medium,4,CVSS:3.1/AV:L/AC:L/PR:N/UI:N/S:U/C:L/I:N/A:N,SC7731E/SC9832E/SC9863A/T310/T606/T612/T616/T610/T618/T760/T770/T820/S8000,Android11/Android12/Android13,2023-11-01,https://www.unisoc.com/en/support/product-security-bulletin/1719615682108260353
CVE-2023-42644,Exposure of Sensitive Information to an Unauthorized Actor in dm service,"In dm service, there is a possible missing permission check. This could lead to local information disclosure with no additional execution privileges needed.",Android,CWE-200Exposureof Sensitive Information to anUnauthorizedActor,Local,Medium,4,CVSS:3.1/AV:L/AC:L/PR:N/UI:N/S:U/C:N/I:N/A:L,SC7731E/SC9832E/SC9863A/T310/T606/T612/T616/T610/T618/T760/T770/T820/S8000,Android11/Android12/Android13,2023-11-01,https://www.unisoc.com/en/support/product-security-bulletin/1719615682108260353
CVE-2023-42645,Exposure of Sensitive Information to an Unauthorized Actor in sim service,"In sim service, there is a possible way to write permission usage records of an app due to a missing permission check. This could lead to local information disclosure with no additional execution privileges needed.",Android,CWE-200Exposureof Sensitive Information to anUnauthorizedActor,Local,Medium,4,CVSS:3.1/AV:L/AC:L/PR:N/UI:N/S:U/C:L/I:N/A:N,T760/T770/T820/S8000,Android11,2023-11-01,https://www.unisoc.com/en/support/product-security-bulletin/1719615682108260353
CVE-2023-42646,Exposure of Sensitive Information to an Unauthorized Actor in Ifaa service,"In Ifaa service, there is a possible missing permission check. This could lead to local information disclosure with no additional execution privileges needed.",Android,CWE-200Exposureof Sensitive Information to anUnauthorizedActor,Local,Medium,4,CVSS:3.1/AV:L/AC:L/PR:N/UI:N/S:U/C:L/I:N/A:N,SC7731E/SC9832E/SC9863A/T310/T606/T612/T616/T610/T618/T760/T770/T820/S8000,Android10/Android11/Android12/Android13,2023-11-01,https://www.unisoc.com/en/support/product-security-bulletin/1719615682108260353
CVE-2023-42647,Exposure of Sensitive Information to an Unauthorized Actor in Ifaa service,"In Ifaa service, there is a possible way to write permission usage records of an app due to a missing permission check. This could lead to local information disclosure with no additional execution privileges needed.",Android,CWE-200Exposureof Sensitive Information to anUnauthorizedActor,Local,Medium,4,CVSS:3.1/AV:L/AC:L/PR:N/UI:N/S:U/C:L/I:N/A:N,SC7731E/SC9832E/SC9863A/T310/T606/T612/T616/T610/T618/T760/T770/T820/S8000,Android10/Android11/Android12/Android13,2023-11-01,https://www.unisoc.com/en/support/product-security-bulletin/1719615682108260353
CVE-2023-42648,Exposure of Sensitive Information to an Unauthorized Actor in engineermode,"In engineermode, there is a possible missing permission check. This could lead to local information disclosure with no additional execution privileges needed.",Android,CWE-200Exposureof Sensitive Information to anUnauthorizedActor,Local,Medium,4,CVSS:3.1/AV:L/AC:L/PR:N/UI:N/S:U/C:L/I:N/A:N,SC7731E/SC9832E/SC9863A/T310/T606/T612/T616/T610/T618/T760/T770/T820/S8000,Android11/Android12/Android13,2023-11-01,https://www.unisoc.com/en/support/product-security-bulletin/1719615682108260353
CVE-2023-42649,Exposure of Sensitive Information to an Unauthorized Actor in engineermode,"In engineermode, there is a possible missing permission check. This could lead to local information disclosure with no additional execution privileges needed.",Android,CWE-200Exposureof Sensitive Information to anUnauthorizedActor,Local,Medium,4,CVSS:3.1/AV:L/AC:L/PR:N/UI:N/S:U/C:L/I:N/A:N,SC7731E/SC9832E/SC9863A/T310/T606/T612/T616/T610/T618/T760/T770/T820/S8000,Android11/Android12/Android13,2023-11-01,https://www.unisoc.com/en/support/product-security-bulletin/1719615682108260353
CVE-2023-42650,Exposure of Sensitive Information to an Unauthorized Actor in engineermode,"In engineermode, there is a possible missing permission check. This could lead to local information disclosure with no additional execution privileges needed.",Android,CWE-200Exposureof Sensitive Information to anUnauthorizedActor,Local,Medium,4,CVSS:3.1/AV:L/AC:L/PR:N/UI:N/S:U/C:L/I:N/A:N,SC7731E/SC9832E/SC9863A/T310/T606/T612/T616/T610/T618/T760/T770/T820/S8000,Android11/Android12/Android13,2023-11-01,https://www.unisoc.com/en/support/product-security-bulletin/1719615682108260353
CVE-2023-42651,Exposure of Sensitive Information to an Unauthorized Actor in engineermode,"In engineermode, there is a possible missing permission check. This could lead to local information disclosure with no additional execution privileges needed.",Android,CWE-200Exposureof Sensitive Information to anUnauthorizedActor,Local,Medium,4,CVSS:3.1/AV:L/AC:L/PR:N/UI:N/S:U/C:L/I:N/A:N,SC7731E/SC9832E/SC9863A/T310/T606/T612/T616/T610/T618/T760/T770/T820/S8000,Android11/Android12/Android13,2023-11-01,https://www.unisoc.com/en/support/product-security-bulletin/1719615682108260353
CVE-2023-42652,Missing Authorization in engineermode,"In engineermode, there is a possible missing permission check. This could lead to local information disclosure with no additional execution privileges needed.",Android,cwe-862 Missing Authorization,Local,Medium,4,CVSS:3.1/AV:L/AC:L/PR:N/UI:N/S:U/C:N/I:L/A:N,SC7731E/SC9832E/SC9863A/T310/T606/T612/T616/T610/T618/T760/T770/T820/S8000,Android11/Android12/Android13,2023-11-01,https://www.unisoc.com/en/support/product-security-bulletin/1719615682108260353
CVE-2023-42653,Buffer Copy without Checking Size of Input ('Classic Buffer Overflow') in faceid service,"In faceid service, there is a possible out of bounds write due to a missing bounds check. This could lead to local denial of service with no additional execution privileges",Android,cwe-787 Out-of-bounds Write,Local,Medium,4.4,CVSS:3.1/AV:L/AC:L/PR:H/UI:N/S:U/C:N/I:N/A:H,SC7731E/SC9832E/SC9863A/T310/T606/T612/T616/T610/T618/T760/T770/T820/S8000,Android12/Android11/Android10,2023-11-01,https://www.unisoc.com/en/support/product-security-bulletin/1719615682108260353
CVE-2023-42750,Buffer Copy without Checking Size of Input ('Classic Buffer Overflow') in gnss service,"In gnss service, there is a possible out of bounds write due to a missing bounds check. This could lead to local denial of service with System execution privileges needed.",WCN,cwe-120 Buffer Copy without Checking Size of Input ('Classic Buffer Overflow'),Local,Medium,5.9,CVSS:3.1/AV:L/AC:L/PR:N/UI:N/S:U/C:L/I:L/A:L,SC7731E/SC9832E/SC9863A/T310/T606/T612/T616/T610/T618/T760/T770/T820/S8000,Android12/Android11/Android13,2023-11-01,https://www.unisoc.com/en/support/product-security-bulletin/1719615682108260353
CVE-2022-48460,Missing Authorization in setting service,"In setting service, there is a possible undefined behavior due to incorrect error handling. This could lead to local denial of service with no additional execution privileges needed.",Android,cwe-862 Missing Authorization,Local,Medium,4,CVSS:3.1/AV:L/AC:L/PR:N/UI:N/S:U/C:N/I:N/A:L,SC7731E/SC9832E/SC9863A/T310/T606/T612/T616/T610/T618,Android10/Android11/Android12,2023-11-01,https://www.unisoc.com/en/support/product-security-bulletin/1719615682108260353
CVE-2023-42654,Exposure of Sensitive Information to an Unauthorized Actor in dm service,"In dm service, there is a possible missing permission check. This could lead to local information disclosure with no additional execution privileges needed.",Android,CWE-200Exposureof Sensitive Information to anUnauthorizedActor,Local,Medium,4,CVSS:3.1/AV:L/AC:L/PR:N/UI:N/S:U/C:L/I:N/A:N,SC7731E/SC9832E/SC9863A/T310/T606/T612/T616/T610/T618/T760/T770/T820/S8000,Android11/Android12/Android13,2023-11-01,https://www.unisoc.com/en/support/product-security-bulletin/1719615682108260353
CVE-2023-42655,Missing Authorization in sim service,"In sim service, there is a possible way to write permission usage records of an app due to a missing permission check. This could lead to local escalation of privilege with System execution privileges needed.",Android,cwe-862 Missing Authorization,Local,Medium,4.4,CVSS:3.1/AV:L/AC:L/PR:N/UI:R/S:U/C:L/I:L/A:N,T760/T770/T820/S8000,Android11,2023-11-01,https://www.unisoc.com/en/support/product-security-bulletin/1719615682108260353
CVE-2023-40631,Exposure of Sensitive Information to an Unauthorized Actor in Dialer,"In Dialer, there is a possible missing permission check. This could lead to local information disclosure with System execution privileges needed.",Android,CWE-200Exposureof Sensitive Information to anUnauthorizedActor,Local,Medium,4,CVSS:3.1/AV:L/AC:L/PR:N/UI:N/S:U/C:L/I:N/A:N,SC7731E/SC9832E/SC9863A/T310/T606/T612/T616/T610/T618/T760/T770/T820/S8000,Android10/Android11/Android12,2023-10-08,https://www.unisoc.com/en/support/product-security-bulletin/1707266905414369282
CVE-2023-40632,Use After Free in jpg driver,"In jpg driver, there is a possible use after free due to a logic error. This could lead to remote information disclosure no additional execution privileges needed.",Android,cwe-416 Use After Free,Local,Medium,6.7,CVSS:3.1/AV:L/AC:L/PR:H/UI:N/S:U/C:H/I:H/A:H,T606/T612/T616,Android13,2023-10-08,https://www.unisoc.com/en/support/product-security-bulletin/1707266905414369282
CVE-2023-40633,Exposure of Sensitive Information to an Unauthorized Actor in phasecheckserver,"In phasecheckserver, there is a possible missing permission check. This could lead to local information disclosure with no additional execution privileges needed.",Android,CWE-200Exposureof Sensitive Information to anUnauthorizedActor,Local,Medium,4,CVSS:3.1/AV:L/AC:L/PR:N/UI:N/S:U/C:L/I:N/A:N,SC7731E/SC9832E/SC9863A/T310/T606/T612/T616/T610/T618/T760/T770/T820/S8000,Android11/Android12/Android13,2023-10-08,https://www.unisoc.com/en/support/product-security-bulletin/1707266905414369282
CVE-2023-40634,Exposure of Sensitive Information to an Unauthorized Actor in phasechecksercer,"In phasechecksercer, there is a possible missing permission check. This could lead to local escalation of privilege with no additional execution privileges needed.",Android,CWE-200Exposureof Sensitive Information to anUnauthorizedActor,Local,Medium,4,CVSS:3.1/AV:L/AC:L/PR:N/UI:N/S:U/C:L/I:N/A:N,SC7731E/SC9832E/SC9863A/T310/T606/T612/T616/T610/T618/T760/T770/T820/S8000,Android11/Android12/Android13,2023-10-08,https://www.unisoc.com/en/support/product-security-bulletin/1707266905414369282
CVE-2023-40635,Missing Authorization in linkturbo,"In linkturbo, there is a possible missing permission check. This could lead to local escalation of privilege with no additional execution privileges needed.",Android,cwe-862 Missing Authorization,Local,Medium,4,CVSS:3.1/AV:L/AC:L/PR:N/UI:N/S:U/C:N/I:N/A:L,SC9863A/T606/T612/T616/T610/T618/T760/T770/T820/S8000,Android11,2023-10-08,https://www.unisoc.com/en/support/product-security-bulletin/1707266905414369282
CVE-2023-40636,Comparison Logic is Vulnerable to Power Side-Channel Attacks in telecom service,"In telecom service, there is a possible way to write permission usage records of an app due to a missing permission check. This could lead to local information disclosure with System execution privileges needed.",Android,cwe-1255Comparison Logic is VulnerabletoPowerSide-ChannelAttacks,Local,Medium,4,CVSS:3.1/AV:L/AC:L/PR:N/UI:N/S:U/C:L/I:N/A:N,T760/T770/T820/S8000,Android11,2023-10-08,https://www.unisoc.com/en/support/product-security-bulletin/1707266905414369282
CVE-2023-40637,Exposure of Sensitive Information to an Unauthorized Actor in telecom service,"In telecom service, there is a possible missing permission check. This could lead to local information disclosure with no additional execution privileges",Android,CWE-200Exposureof Sensitive Information to anUnauthorizedActor,Local,Medium,4,CVSS:3.1/AV:L/AC:L/PR:N/UI:N/S:U/C:L/I:N/A:N,SC7731E/SC9832E/SC9863A/T310/T606/T612/T616/T610/T618/T760/T770/T820/S8000,Android11,2023-10-08,https://www.unisoc.com/en/support/product-security-bulletin/1707266905414369282
CVE-2023-40639,Improper Access Control in SoundRecorder service,"In SoundRecorder service, there is a possible missing permission check. This could lead to local information disclosure with no additional execution privileges",Android,cwe-284 Improper Access Control,Local,Medium,5.9,CVSS:3.1/AV:L/AC:L/PR:N/UI:N/S:U/C:L/I:L/A:L,SC7731E/SC9832E/SC9863A/T310/T606/T612/T616/T610/T618/T760/T770/T820/S8000,Android10,2023-10-08,https://www.unisoc.com/en/support/product-security-bulletin/1707266905414369282
CVE-2023-40640,Improper Access Control in SoundRecorder service,"In SoundRecorder service, there is a possible missing permission check. This could lead to local information disclosure with no additional execution privileges",Android,cwe-284 Improper Access Control,Local,Medium,5.9,CVSS:3.1/AV:L/AC:L/PR:N/UI:N/S:U/C:L/I:L/A:L,SC7731E/SC9832E/SC9863A/T310/T606/T612/T616/T610/T618/T760/T770/T820/S8000,Android10,2023-10-08,https://www.unisoc.com/en/support/product-security-bulletin/1707266905414369282
CVE-2023-40641,Exposure of Sensitive Information to an Unauthorized Actor in Messaging,"In Messaging, there is a possible missing permission check. This could lead to local information disclosure with no additional execution privileges needed.",Android,CWE-200Exposureof Sensitive Information to anUnauthorizedActor,Local,Medium,4,CVSS:3.1/AV:L/AC:L/PR:N/UI:N/S:U/C:L/I:N/A:N,SC9863A,Android11/Android12,2023-10-08,https://www.unisoc.com/en/support/product-security-bulletin/1707266905414369282
CVE-2023-40642,Exposure of Sensitive Information to an Unauthorized Actor in Messaging,"In Messaging, there is a possible missing permission check. This could lead to local information disclosure with no additional execution privileges needed.",Android,CWE-200Exposureof Sensitive Information to anUnauthorizedActor,Local,Medium,4,CVSS:3.1/AV:L/AC:L/PR:N/UI:N/S:U/C:L/I:N/A:N,SC9863A,Android11/Android12,2023-10-08,https://www.unisoc.com/en/support/product-security-bulletin/1707266905414369282
CVE-2023-40643,Exposure of Sensitive Information to an Unauthorized Actor in Messaging,"In Messaging, there is a possible missing permission check. This could lead to local information disclosure with no additional execution privileges needed.",Android,CWE-200Exposureof Sensitive Information to anUnauthorizedActor,Local,Medium,4,CVSS:3.1/AV:L/AC:L/PR:N/UI:N/S:U/C:L/I:N/A:N,SC9863A,Android11/Android12,2023-10-08,https://www.unisoc.com/en/support/product-security-bulletin/1707266905414369282
CVE-2023-40644,Exposure of Sensitive Information to an Unauthorized Actor in Messaging,"In Messaging, there is a possible missing permission check. This could lead to local information disclosure with no additional execution privileges needed.",Android,CWE-200Exposureof Sensitive Information to anUnauthorizedActor,Local,Medium,4,CVSS:3.1/AV:L/AC:L/PR:N/UI:N/S:U/C:L/I:N/A:N,SC9863A,Android11/Android12,2023-10-08,https://www.unisoc.com/en/support/product-security-bulletin/1707266905414369282
CVE-2023-40645,Exposure of Sensitive Information to an Unauthorized Actor in Messaging,"In Messaging, there is a possible missing permission check. This could lead to local information disclosure with no additional execution privileges needed.",Android,CWE-200Exposureof Sensitive Information to anUnauthorizedActor,Local,Medium,4,CVSS:3.1/AV:L/AC:L/PR:N/UI:N/S:U/C:L/I:N/A:N,SC9863A,Android11/Android12,2023-10-08,https://www.unisoc.com/en/support/product-security-bulletin/1707266905414369282
CVE-2023-40646,Exposure of Sensitive Information to an Unauthorized Actor in Messaging,"In Messaging, there is a possible missing permission check. This could lead to local information disclosure with no additional execution privileges needed.",Android,CWE-200Exposureof Sensitive Information to anUnauthorizedActor,Local,Medium,4,CVSS:3.1/AV:L/AC:L/PR:N/UI:N/S:U/C:L/I:N/A:N,SC9863A,Android11/Android12,2023-10-08,https://www.unisoc.com/en/support/product-security-bulletin/1707266905414369282
CVE-2023-40647,Exposure of Sensitive Information to an Unauthorized Actor in Messaging,"In Messaging, there is a possible missing permission check. This could lead to local information disclosure with no additional execution privileges needed.",Android,CWE-200Exposureof Sensitive Information to anUnauthorizedActor,Local,Medium,6.2,CVSS:3.1/AV:L/AC:L/PR:N/UI:N/S:U/C:H/I:N/A:N,SC9863A,Android11/Android12,2023-10-08,https://www.unisoc.com/en/support/product-security-bulletin/1707266905414369282
CVE-2023-40648,Exposure of Sensitive Information to an Unauthorized Actor in Messaging,"In Messaging, there is a possible missing permission check. This could lead to local information disclosure with no additional execution privileges needed.",Android,CWE-200Exposureof Sensitive Information to anUnauthorizedActor,Local,Medium,4,CVSS:3.1/AV:L/AC:L/PR:N/UI:N/S:U/C:L/I:N/A:N,SC9863A,Android11/Android12,2023-10-08,https://www.unisoc.com/en/support/product-security-bulletin/1707266905414369282
CVE-2023-40649,Exposure of Sensitive Information to an Unauthorized Actor in Messaging,"In Messaging, there is a possible missing permission check. This could lead to local information disclosure with no additional execution privileges needed.",Android,CWE-200Exposureof Sensitive Information to anUnauthorizedActor,Local,Medium,6.2,CVSS:3.1/AV:L/AC:L/PR:N/UI:N/S:U/C:H/I:N/A:N,SC9863A,Android11/Android12,2023-10-08,https://www.unisoc.com/en/support/product-security-bulletin/1707266905414369282
CVE-2023-40650,Exposure of Sensitive Information to an Unauthorized Actor in Telecom service,"In Telecom service, there is a possible missing permission check. This could lead to local information disclosure with no additional execution privileges needed.",Android,CWE-200Exposureof Sensitive Information to anUnauthorizedActor,Local,Medium,4.4,CVSS:3.1/AV:L/AC:L/PR:N/UI:R/S:U/C:L/I:L/A:N,SC7731E/SC9832E/SC9863A/T310/T606/T612/T616/T610/T618/T760/T770/T820/S8000,Android11/Android12,2023-10-08,https://www.unisoc.com/en/support/product-security-bulletin/1707266905414369282
CVE-2023-40651,Out-of-bounds Write in urild service,"In urild service, there is a possible out of bounds write due to a missing bounds check. This could lead to local denial of service with System execution privileges needed.",Android,cwe-787 Out-of-bounds Write,Local,Medium,6.7,CVSS:3.1/AV:L/AC:L/PR:H/UI:N/S:U/C:H/I:H/A:H,SC7731E/SC9832E/SC9863A/T310/T606/T612/T616/T610/T618/T760/T770/T820/S8000,Android11/Android12/Android13,2023-10-08,https://www.unisoc.com/en/support/product-security-bulletin/1707266905414369282
CVE-2023-40652,Out-of-bounds Write in jpg driver,"In jpg driver, there is a possible out of bounds write due to improper input validation. This could lead to local denial of service with System execution privileges needed.",Android,cwe-787 Out-of-bounds Write,Local,Medium,6,CVSS:3.1/AV:L/AC:L/PR:H/UI:N/S:U/C:N/I:H/A:H,T606/T612/T616,Android11,2023-10-08,https://www.unisoc.com/en/support/product-security-bulletin/1707266905414369282
CVE-2023-40653,Improper Access Control in FW-PackageManager,"In FW-PackageManager, there is a possible missing permission check. This could lead to local escalation of privilege with System execution privileges needed.",Android,cwe-284 Improper Access Control,Local,Medium,5.5,CVSS:3.1/AV:L/AC:L/PR:N/UI:R/S:U/C:H/I:N/A:N,SC7731E/SC9832E/SC9863A/T310/T606/T612/T616/T610/T618/T760/T770/T820/S8000,Android11,2023-10-08,https://www.unisoc.com/en/support/product-security-bulletin/1707266905414369282
CVE-2023-40654,Improper Access Control in FW-PackageManager,"In FW-PackageManager, there is a possible missing permission check. This could lead to local escalation of privilege with System execution privileges needed.",Android,cwe-284 Improper Access Control,Local,Medium,5.5,CVSS:3.1/AV:L/AC:L/PR:N/UI:R/S:U/C:H/I:N/A:N,SC7731E/SC9832E/SC9863A/T310/T606/T612/T616/T610/T618/T760/T770/T820/S8000,Android11,2023-10-08,https://www.unisoc.com/en/support/product-security-bulletin/1707266905414369282
CVE-2023-33916,"Exposure of Sensitive Information to an Unauthorized Actor,in vowifiservice","In vowifiservice, there is a possible missing permission check.This could lead to local information disclosure with no additional execution privileges",Android,CWE-200Exposureof Sensitive Information to anUnauthorizedActor,Local,Medium,4,CVSS:3.1/AV:L/AC:L/PR:N/UI:N/S:U/C:L/I:N/A:N,SC7731E/SC9832E/SC9863A/T606/T612/T616/T610/T618,Android11,2023-09-03,https://www.unisoc.com/en/support/product-security-bulletin/1698296419871424514
CVE-2023-33917,"Exposure of Sensitive Information to an Unauthorized Actor,in vowifiservice","In vowifiservice, there is a possible missing permission check.This could lead to local information disclosure with no additional execution privileges",Android,CWE-200Exposureof Sensitive Information to anUnauthorizedActor,Local,Medium,4,CVSS:3.1/AV:L/AC:L/PR:N/UI:N/S:U/C:L/I:N/A:N,SC7731E/SC9832E/SC9863A/T606/T612/T616/T610/T618,Android11,2023-09-03,https://www.unisoc.com/en/support/product-security-bulletin/1698296419871424514
CVE-2023-33918,"Exposure of Sensitive Information to an Unauthorized Actor,in vowifiservice","In vowifiservice, there is a possible missing permission check.This could lead to local information disclosure with no additional execution privileges",Android,CWE-200Exposureof Sensitive Information to anUnauthorizedActor,Local,Medium,4,CVSS:3.1/AV:L/AC:L/PR:N/UI:N/S:U/C:L/I:N/A:N,SC7731E/SC9832E/SC9863A/T606/T612/T616/T610/T618,Android11,2023-09-03,https://www.unisoc.com/en/support/product-security-bulletin/1698296419871424514
CVE-2023-38436,"Exposure of Sensitive Information to an Unauthorized Actor,in vowifiservice","In vowifiservice, there is a possible missing permission check.This could lead to local information disclosure with no additional execution privileges",Android,CWE-200Exposureof Sensitive Information to anUnauthorizedActor,Local,Medium,4,CVSS:3.1/AV:L/AC:L/PR:N/UI:N/S:U/C:L/I:N/A:N,SC7731E/SC9832E/SC9863A/T606/T612/T616/T610/T618,Android11,2023-09-03,https://www.unisoc.com/en/support/product-security-bulletin/1698296419871424514
CVE-2023-38437,"Exposure of Sensitive Information to an Unauthorized Actor,in vowifiservice","In vowifiservice, there is a possible missing permission check.This could lead to local information disclosure with no additional execution privileges",Android,CWE-200Exposureof Sensitive Information to anUnauthorizedActor,Local,Medium,4,CVSS:3.1/AV:L/AC:L/PR:N/UI:N/S:U/C:L/I:N/A:N,SC7731E/SC9832E/SC9863A/T606/T612/T616/T610/T618,Android11,2023-09-03,https://www.unisoc.com/en/support/product-security-bulletin/1698296419871424514
CVE-2023-38438,"Exposure of Sensitive Information to an Unauthorized Actor,in vowifiservice","In vowifiservice, there is a possible missing permission check.This could lead to local information disclosure with no additional execution privileges",Android,CWE-200Exposureof Sensitive Information to anUnauthorizedActor,Local,Medium,4,CVSS:3.1/AV:L/AC:L/PR:N/UI:N/S:U/C:L/I:N/A:N,SC7731E/SC9832E/SC9863A/T606/T612/T616/T610/T618,Android11,2023-09-03,https://www.unisoc.com/en/support/product-security-bulletin/1698296419871424514
CVE-2023-38439,"Exposure of Sensitive Information to an Unauthorized Actor,in vowifiservice","In vowifiservice, there is a possible missing permission check.This could lead to local information disclosure with no additional execution privileges",Android,CWE-200Exposureof Sensitive Information to anUnauthorizedActor,Local,Medium,4,CVSS:3.1/AV:L/AC:L/PR:N/UI:N/S:U/C:L/I:N/A:N,SC9832E/SC9863A/T606/T612/T616/T610/T618,Android11,2023-09-03,https://www.unisoc.com/en/support/product-security-bulletin/1698296419871424514
CVE-2023-38440,"Exposure of Sensitive Information to an Unauthorized Actor,in vowifiservice","In vowifiservice, there is a possible missing permission check.This could lead to local information disclosure with no additional execution privileges",Android,CWE-200Exposureof Sensitive Information to anUnauthorizedActor,Local,Medium,4,CVSS:3.1/AV:L/AC:L/PR:N/UI:N/S:U/C:L/I:N/A:N,SC7731E/SC9832E/SC9863A/T606/T612/T616/T610/T618,Android11,2023-09-03,https://www.unisoc.com/en/support/product-security-bulletin/1698296419871424514
CVE-2023-38441,"Exposure of Sensitive Information to an Unauthorized Actor,in vowifiservice","In vowifiservice, there is a possible missing permission check.This could lead to local information disclosure with no additional execution privileges",Android,CWE-200Exposureof Sensitive Information to anUnauthorizedActor,Local,Medium,4,CVSS:3.1/AV:L/AC:L/PR:N/UI:N/S:U/C:L/I:N/A:N,SC7731E/SC9832E/SC9863A/T606/T612/T616/T610/T618,Android11,2023-09-03,https://www.unisoc.com/en/support/product-security-bulletin/1698296419871424514
CVE-2023-38442,"Exposure of Sensitive Information to an Unauthorized Actor,in vowifiservice","In vowifiservice, there is a possible missing permission check.This could lead to local information disclosure with no additional execution privileges",Android,CWE-200Exposureof Sensitive Information to anUnauthorizedActor,Local,Medium,4,CVSS:3.1/AV:L/AC:L/PR:N/UI:N/S:U/C:L/I:N/A:N,SC7731E/SC9832E/SC9863A/T606/T612/T616/T610/T618,Android11,2023-09-03,https://www.unisoc.com/en/support/product-security-bulletin/1698296419871424514
CVE-2023-38443,"Exposure of Sensitive Information to an Unauthorized Actor,in vowifiservice","In vowifiservice, there is a possible missing permission check.This could lead to local escalation of privilege with no additional execution privileges",Android,CWE-200Exposureof Sensitive Information to anUnauthorizedActor,Local,Medium,4,CVSS:3.1/AV:L/AC:L/PR:N/UI:N/S:U/C:L/I:N/A:N,SC7731E/SC9832E/SC9863A/T606/T612/T616/T610/T618,Android11,2023-09-03,https://www.unisoc.com/en/support/product-security-bulletin/1698296419871424514
CVE-2023-38444,"Exposure of Sensitive Information to an Unauthorized Actor,in vowifiservice","In vowifiservice, there is a possible missing permission check.This could lead to local escalation of privilege with no additional execution privileges",Android,CWE-200Exposureof Sensitive Information to anUnauthorizedActor,Local,Medium,4,CVSS:3.1/AV:L/AC:L/PR:N/UI:N/S:U/C:L/I:N/A:N,SC7731E/SC9832E/SC9863A/T606/T612/T616/T610/T618,Android11,2023-09-03,https://www.unisoc.com/en/support/product-security-bulletin/1698296419871424514
CVE-2023-38445,"Exposure of Sensitive Information to an Unauthorized Actor,in vowifiservice","In vowifiservice, there is a possible missing permission check.This could lead to local denial of service with no additional execution privileges",Android,CWE-200Exposureof Sensitive Information to anUnauthorizedActor,Local,Medium,4,CVSS:3.1/AV:L/AC:L/PR:N/UI:N/S:U/C:L/I:N/A:N,SC7731E/SC9832E/SC9863A/T606/T612/T616/T610/T618,Android11,2023-09-03,https://www.unisoc.com/en/support/product-security-bulletin/1698296419871424514
CVE-2023-38446,"Exposure of Sensitive Information to an Unauthorized Actor,in vowifiservice","In vowifiservice, there is a possible missing permission check.This could lead to local denial of service with no additional execution privileges",Android,CWE-200Exposureof Sensitive Information to anUnauthorizedActor,Local,Medium,4,CVSS:3.1/AV:L/AC:L/PR:N/UI:N/S:U/C:L/I:N/A:N,SC7731E/SC9832E/SC9863A/T606/T612/T616/T610/T618,Android11,2023-09-03,https://www.unisoc.com/en/support/product-security-bulletin/1698296419871424514
CVE-2023-38447,"Exposure of Sensitive Information to an Unauthorized Actor,in vowifiservice","In vowifiservice, there is a possible missing permission check.This could lead to local denial of service with no additional execution privileges",Android,CWE-200Exposureof Sensitive Information to anUnauthorizedActor,Local,Medium,4,CVSS:3.1/AV:L/AC:L/PR:N/UI:N/S:U/C:L/I:N/A:N,SC7731E/SC9832E/SC9863A/T606/T612/T616/T610/T618,Android11,2023-09-03,https://www.unisoc.com/en/support/product-security-bulletin/1698296419871424514
CVE-2023-38448,"Exposure of Sensitive Information to an Unauthorized Actor,in vowifiservice","In vowifiservice, there is a possible missing permission check.This could lead to local denial of service with no additional execution privileges",Android,CWE-200Exposureof Sensitive Information to anUnauthorizedActor,Local,Medium,4,CVSS:3.1/AV:L/AC:L/PR:N/UI:N/S:U/C:L/I:N/A:N,SC7731E/SC9832E/SC9863A/T606/T612/T616/T610/T618,Android11,2023-09-03,https://www.unisoc.com/en/support/product-security-bulletin/1698296419871424514
CVE-2023-38449,"Exposure of Sensitive Information to an Unauthorized Actor,in vowifiservice","In vowifiservice, there is a possible missing permission check.This could lead to local escalation of privilege with no additional execution privileges",Android,CWE-200Exposureof Sensitive Information to anUnauthorizedActor,Local,Medium,4,CVSS:3.1/AV:L/AC:L/PR:N/UI:N/S:U/C:L/I:N/A:N,SC7731E/SC9832E/SC9863A/T606/T612/T616/T610/T618,Android11,2023-09-03,https://www.unisoc.com/en/support/product-security-bulletin/1698296419871424514
CVE-2023-38450,"Exposure of Sensitive Information to an Unauthorized Actor,in vowifiservice","In vowifiservice, there is a possible missing permission check.This could lead to local escalation of privilege with no additional execution privileges",Android,CWE-200Exposureof Sensitive Information to anUnauthorizedActor,Local,Medium,4,CVSS:3.1/AV:L/AC:L/PR:N/UI:N/S:U/C:L/I:N/A:N,SC9832E/SC9863A/T606/T612/T616/T610/T618,Android11,2023-09-03,https://www.unisoc.com/en/support/product-security-bulletin/1698296419871424514
CVE-2023-38451,"Exposure of Sensitive Information to an Unauthorized Actor,in vowifiservice","In vowifiservice, there is a possible missing permission check.This could lead to local escalation of privilege with no additional execution privileges",Android,CWE-200Exposureof Sensitive Information to anUnauthorizedActor,Local,Medium,4,CVSS:3.1/AV:L/AC:L/PR:N/UI:N/S:U/C:L/I:N/A:N,SC7731E/SC9832E/SC9863A/T606/T612/T616/T610/T618,Android11,2023-09-03,https://www.unisoc.com/en/support/product-security-bulletin/1698296419871424514
CVE-2023-38452,"Exposure of Sensitive Information to an Unauthorized Actor,in vowifiservice","In vowifiservice, there is a possible missing permission check.This could lead to local escalation of privilege with no additional execution privileges",Android,CWE-200Exposureof Sensitive Information to anUnauthorizedActor,Local,Medium,4,CVSS:3.1/AV:L/AC:L/PR:N/UI:N/S:U/C:L/I:N/A:N,SC7731E/SC9832E/SC9863A/T606/T612/T616/T610/T618,Android11,2023-09-03,https://www.unisoc.com/en/support/product-security-bulletin/1698296419871424514
CVE-2023-38453,"Exposure of Sensitive Information to an Unauthorized Actor,in vowifi service","In vowifiservice, there is a possible missing permission check.This could lead to local escalation of privilege with no additional execution privileges",Android,CWE-200Exposureof Sensitive Information to anUnauthorizedActor,Local,Medium,4,CVSS:3.1/AV:L/AC:L/PR:N/UI:N/S:U/C:L/I:N/A:N,SC7731E/SC9832E/SC9863A/T606/T612/T616/T610/T618,Android11,2023-09-03,https://www.unisoc.com/en/support/product-security-bulletin/1698296419871424514
CVE-2023-38454,"Exposure of Sensitive Information to an Unauthorized Actor,in vowifi service","In vowifi service, there is a possible missing permission check.This could lead to local information disclosure with no additional execution privileges",Android,CWE-200Exposureof Sensitive Information to anUnauthorizedActor,Local,Medium,4,CVSS:3.1/AV:L/AC:L/PR:N/UI:N/S:U/C:L/I:N/A:N,SC7731E/SC9832E/SC9863A/T606/T612/T616/T610/T618,Android11,2023-09-03,https://www.unisoc.com/en/support/product-security-bulletin/1698296419871424514
CVE-2023-38455,"Exposure of Sensitive Information to an Unauthorized Actor,in vowifiservice","In vowifiservice, there is a possible missing permission check.This could lead to local escalation of privilege with no additional execution privileges",Android,CWE-200Exposureof Sensitive Information to anUnauthorizedActor,Local,Medium,4,CVSS:3.1/AV:L/AC:L/PR:N/UI:N/S:U/C:L/I:N/A:N,SC7731E/SC9832E/SC9863A/T606/T612/T616/T610/T618,Android11,2023-09-03,https://www.unisoc.com/en/support/product-security-bulletin/1698296419871424514
CVE-2023-38457,"Exposure of Sensitive Information to an Unauthorized Actor,in vowifiservice","In vowifiservice, there is a possible missing permission check.This could lead to local denial of service with no additional execution privileges",Android,CWE-200Exposureof Sensitive Information to anUnauthorizedActor,Local,Medium,4,CVSS:3.1/AV:L/AC:L/PR:N/UI:N/S:U/C:L/I:N/A:N,SC7731E/SC9832E/SC9863A/T606/T612/T616/T610/T618,Android11,2023-09-03,https://www.unisoc.com/en/support/product-security-bulletin/1698296419871424514
CVE-2023-38458,"Exposure of Sensitive Information to an Unauthorized Actor,in vowifiservice","In vowifiservice, there is a possible missing permission check.This could lead to local escalation of privilege with no additional execution privileges",Android,CWE-200Exposureof Sensitive Information to anUnauthorizedActor,Local,Medium,4,CVSS:3.1/AV:L/AC:L/PR:N/UI:N/S:U/C:L/I:N/A:N,SC7731E/SC9832E/SC9863A/T606/T612/T616/T610/T618,Android11,2023-09-03,https://www.unisoc.com/en/support/product-security-bulletin/1698296419871424514
CVE-2023-38459,"Exposure of Sensitive Information to an Unauthorized Actor,in vowifiservice","In vowifiservice, there is a possible missing permission check.This could lead to local escalation of privilege with no additional execution privileges",Android,CWE-200Exposureof Sensitive Information to anUnauthorizedActor,Local,Medium,4,CVSS:3.1/AV:L/AC:L/PR:N/UI:N/S:U/C:L/I:N/A:N,SC7731E/SC9832E/SC9863A/T606/T612/T616/T610/T618,Android11,2023-09-03,https://www.unisoc.com/en/support/product-security-bulletin/1698296419871424514
CVE-2023-38460,"Exposure of Sensitive Information to an Unauthorized Actor,in vowifiservice","In vowifiservice, there is a possible missing permission check.This could lead to local escalation of privilege with no additional execution privileges",Android,CWE-200Exposureof Sensitive Information to anUnauthorizedActor,Local,Medium,4,CVSS:3.1/AV:L/AC:L/PR:N/UI:N/S:U/C:L/I:N/A:N,SC7731E/SC9832E/SC9863A/T606/T612/T616/T610/T618,Android11,2023-09-03,https://www.unisoc.com/en/support/product-security-bulletin/1698296419871424514
CVE-2023-38461,"Exposure of Sensitive Information to an Unauthorized Actor,in vowifiservice","In vowifiservice, there is a possible missing permission check.This could lead to local denial of service with no additional execution privileges",Android,CWE-200Exposureof Sensitive Information to anUnauthorizedActor,Local,Medium,4,CVSS:3.1/AV:L/AC:L/PR:N/UI:N/S:U/C:L/I:N/A:N,SC7731E/SC9832E/SC9863A/T606/T612/T616/T610/T618,Android11,2023-09-03,https://www.unisoc.com/en/support/product-security-bulletin/1698296419871424514
CVE-2023-38462,"Exposure of Sensitive Information to an Unauthorized Actor,in vowifiservice","In vowifiservice, there is a possible missing permission check.This could lead to local denial of service with no additional execution privileges",Android,CWE-200Exposureof Sensitive Information to anUnauthorizedActor,Local,Medium,4,CVSS:3.1/AV:L/AC:L/PR:N/UI:N/S:U/C:L/I:N/A:N,SC7731E/SC9832E/SC9863A/T606/T612/T616/T610/T618,Android11,2023-09-03,https://www.unisoc.com/en/support/product-security-bulletin/1698296419871424514
CVE-2023-38463,"Exposure of Sensitive Information to an Unauthorized Actor,in vowifiservice","In vowifiservice, there is a possible missing permission check.This could lead to local denial of service with no additional execution privileges",Android,CWE-200Exposureof Sensitive Information to anUnauthorizedActor,Local,Medium,4,CVSS:3.1/AV:L/AC:L/PR:N/UI:N/S:U/C:L/I:N/A:N,SC7731E/SC9832E/SC9863A/T606/T612/T616/T610/T618,Android11,2023-09-03,https://www.unisoc.com/en/support/product-security-bulletin/1698296419871424514
CVE-2023-38464,"Exposure of Sensitive Information to an Unauthorized Actor,in vowifiservice","In vowifiservice, there is a possible missing permission check.This could lead to local escalation of privilege with no additional execution privileges",Android,CWE-200Exposureof Sensitive Information to anUnauthorizedActor,Local,Medium,4,CVSS:3.1/AV:L/AC:L/PR:N/UI:N/S:U/C:L/I:N/A:N,SC7731E/SC9832E/SC9863A/T606/T612/T616/T610/T618,Android11,2023-09-03,https://www.unisoc.com/en/support/product-security-bulletin/1698296419871424514
CVE-2023-38465,"Missing Authorization,in ims service","In ims service, there is a possible missing permission check. This could lead to local information disclosure with no additional execution privileges",Android,cwe-862 Missing Authorization,Local,Medium,4.2,CVSS:3.1/AV:L/AC:L/PR:H/UI:R/S:U/C:H/I:N/A:N,SC9832E/SC9863A/T310/T606/T612/T616/T610/T618/T760/T770/T820/S8000,Android11/Android12,2023-09-03,https://www.unisoc.com/en/support/product-security-bulletin/1698296419871424514
CVE-2023-38466,"Missing Authorization,in ims service","In ims service, there is a possible missing permission check. This could lead to local information disclosure with no additional execution privileges",Android,cwe-862 Missing Authorization,Local,Medium,4.2,CVSS:3.1/AV:L/AC:L/PR:H/UI:R/S:U/C:H/I:N/A:N,SC9832E/SC9863A/T310/T606/T612/T616/T610/T618/T760/T770/T820/S8000,Android11/Android12,2023-09-03,https://www.unisoc.com/en/support/product-security-bulletin/1698296419871424514
CVE-2023-38467,"Out-of-bounds Write,in urild service","In urild service, there is a possible out of bounds write due to a missing bounds check. This could lead to local denial of service with System execution privileges needed",Android,cwe-787 Out-of-bounds Write,Local,Medium,6.7,CVSS:3.1/AV:L/AC:L/PR:H/UI:N/S:U/C:H/I:H/A:H,SC7731E/SC9832E/SC9863A/T310/T606/T612/T616/T610/T618/T760/T770/T820/S8000,Android11/Android12/Android13,2023-09-03,https://www.unisoc.com/en/support/product-security-bulletin/1698296419871424514
CVE-2023-38468,"Out-of-bounds Write,in urild service","In urild service, there is a possible out of bounds write due to a missing bounds check. This could lead to local denial of service with System execution privileges needed",Android,cwe-787 Out-of-bounds Write,Local,Medium,6.7,CVSS:3.1/AV:L/AC:L/PR:H/UI:N/S:U/C:H/I:H/A:H,SC7731E/SC9832E/SC9863A/T310/T606/T612/T616/T610/T618/T760/T770/T820/S8000,Android11/Android12/Android13,2023-09-03,https://www.unisoc.com/en/support/product-security-bulletin/1698296419871424514
CVE-2023-38553,"Out-of-bounds Write,in gnss service","In gnss service, there is a possible out of bounds write due to a missing bounds check. This could lead to local escalation of privilege with System execution privileges needed",WCN,cwe-787 Out-of-bounds Write,Local,Medium,5.3,CVSS:3.1/AV:L/AC:L/PR:L/UI:N/S:U/C:L/I:L/A:L,SC7731E/SC9832E/SC9863A/T310/T606/T612/T616/T610/T618/T760/T770/T820/S8000,Android11,2023-09-03,https://www.unisoc.com/en/support/product-security-bulletin/1698296419871424514
CVE-2023-38554,"Out-of-bounds Write,in wcn bsp driver","In wcn bsp driver, there is a possible out of bounds write due to a missing bounds check.This could lead to local denial of service with no additional execution privileges",WCN,cwe-787 Out-of-bounds Write,local,Medium,4.4,CVSS:3.1/AV:L/AC:L/PR:H/UI:N/S:U/C:N/I:N/A:H,SC7731E/SC9832E/SC9863A/T310/T606/T612/T616/T610/T618/T760/T770/T820/S8000,Android11/Android12/Android13,2023-09-03,https://www.unisoc.com/en/support/product-security-bulletin/1698296419871424514
CVE-2022-47352,"Out-of-bounds Read,in camera driver","In camera driver, there is a possible out of bounds read due to a missing bounds check. This could lead to local denial of service with System execution privileges needed",Kernel,cwe-125 Out-of-bounds Read,Local,Medium,4.4,CVSS:3.1/AV:L/AC:L/PR:L/UI:N/S:U/C:N/I:L/A:L,T610/T618,Android11/Android12/Android13,2023-09-03,https://www.unisoc.com/en/support/product-security-bulletin/1698296419871424514
CVE-2022-47353,"Concurrent Execution using Shared Resource with Improper Synchronization ('Race Condition'),in vdsp device","In vdsp device, there is a possible system crash due to improper input validation.This could lead to local denial of service with System execution privileges needed",Kernel,cwe-362 Concurrent Execution using Shared Resource,Local,Medium,5.6,CVSS:3.1/AV:L/AC:L/PR:H/UI:N/S:U/C:L/I:L/A:H,T610/T618/T760/T770/T820/S8000,Android11,2023-09-03,https://www.unisoc.com/en/support/product-security-bulletin/1698296419871424514
CVE-2022-48452,"Missing Authorization,in Ifaa service","In Ifaa service, there is a possible missing permission check. This could lead to local denial of service with System execution privileges needed",Android,cwe-862 Missing Authorization,Local,Medium,5.1,CVSS:3.1/AV:L/AC:L/PR:N/UI:N/S:U/C:N/I:L/A:L,SC7731E/SC9832E/SC9863A/T310/T606/T612/T616/T610/T618/T760/T770/T820/S8000,Android11/Android12/Android13,2023-09-03,https://www.unisoc.com/en/support/product-security-bulletin/1698296419871424514
CVE-2022-48453,"Out-of-bounds Write,in camera driver","In camera driver, there is a possible out of bounds write due to a missing bounds check. This could lead to local denial of service with System execution privileges needed",Kernel,cwe-787 Out-of-bounds Write,Local,Medium,4.4,CVSS:3.1/AV:L/AC:L/PR:L/UI:N/S:U/C:N/I:L/A:L,SC7731E,Android11/Android12/Android13,2023-09-03,https://www.unisoc.com/en/support/product-security-bulletin/1698296419871424514
CVE-2023-33914,"Improper Handling of Missing Values,in NIA0 algorithm in Security Mode Command","In NIA0 algorithm in Security Mode Command, there is a possible missing verification incorrect input. This could lead to remote information disclosure no additional execution privileges needed",Modem,cwe-230 Improper Handling of Missing Values,Network,Medium,6.4,CVSS:3.1/AV:N/AC:H/PR:L/UI:N/S:U/C:H/I:L/A:L,T760/T770/T820/S8000,Android11/Android12/Android13,2023-09-03,https://www.unisoc.com/en/support/product-security-bulletin/1698296419871424514
CVE-2023-33915,"Improper Check or Handling of Exceptional Conditions,in LTE protocol stack","In LTE protocol stack, there is a possible missing permission check. This could lead to remote information disclosure no additional execution privileges needed",Modem,cwe-703 Improper Check or Handling of Exceptional Conditions,Adjacent,Medium,4.2,CVSS:3.1/AV:A/AC:H/PR:N/UI:N/S:U/C:L/I:L/A:N,T760/T770/T820/S8000,Android11,2023-09-03,https://www.unisoc.com/en/support/product-security-bulletin/1698296419871424514
CVE-2023-33906,Exposure of Sensitive Information to an Unauthorized Actor in Contacts Service,"In Contacts Service, there is a possible missing permission check.This could lead to local information disclosure with no additional execution privileges",Android,CWE-200Exposureof Sensitive Information to anUnauthorizedActor,Local,Medium,4.2,CVSS:3.1/AV:L/AC:L/PR:H/UI:R/S:U/C:H/I:N/A:N,SC7731E/SC9832E/SC9863A/T310/T606/T612/T616/T610/T618/T760/T770/T820/S8000,Android11/Android12/Android13,2023-08-04,https://www.unisoc.com/en/support/product-security-bulletin/1687281609859989506
CVE-2023-33907,Missing Authorization in Contacts Service,"In Contacts Service, there is a possible missing permission check. This could lead to local information disclosure with no additional execution privileges",Android,CWE-862 Missing Authorization,Local,Medium,4.2,CVSS:3.1/AV:L/AC:L/PR:H/UI:R/S:U/C:H/I:N/A:N,SC7731E/SC9832E/SC9863A/T310/T606/T612/T616/T610/T618/T760/T770/T820/S8000,Android11/Android12/Android13,2023-08-04,https://www.unisoc.com/en/support/product-security-bulletin/1687281609859989506
CVE-2023-33908,Exposure of Sensitive Information to an Unauthorized Actor in ims service,"In ims service, there is a possible missing permission check. This could lead to local information disclosure with no additional execution privileges",Android,CWE-200Exposureof Sensitive Information to anUnauthorizedActor,Local,Medium,4.2,CVSS:3.1/AV:L/AC:L/PR:H/UI:R/S:U/C:H/I:N/A:N,SC9832E/SC9863A/T310/T606/T612/T616/T610/T618/T760/T770/T820/S8000,Android11/Android12,2023-08-04,https://www.unisoc.com/en/support/product-security-bulletin/1687281609859989506
CVE-2023-33909,Exposure of Sensitive Information to an Unauthorized Actor in Contacts service,"In Contacts service, there is a possible missing permission check.This could lead to local information disclosure with no additional execution privileges",Android,CWE-200Exposureof Sensitive Information to anUnauthorizedActor,Local,Medium,4.2,CVSS:3.1/AV:L/AC:L/PR:H/UI:R/S:U/C:H/I:N/A:N,SC7731E/SC9832E/SC9863A/T310/T606/T612/T616/T610/T618/T760/T770/T820/S8000,Android11/Android12/Android13,2023-08-04,https://www.unisoc.com/en/support/product-security-bulletin/1687281609859989506
CVE-2023-33910,Exposure of Sensitive Information to an Unauthorized Actor in Contacts Service,"In Contacts Service, there is a possible missing permission check.This could lead to local information disclosure with no additional execution privileges",Android,CWE-200Exposureof Sensitive Information to anUnauthorizedActor,Local,Medium,4.2,CVSS:3.1/AV:L/AC:L/PR:H/UI:R/S:U/C:H/I:N/A:N,SC7731E/SC9832E/SC9863A/T310/T606/T612/T616/T610/T618/T760/T770/T820/S8000,Android11/Android12/Android13,2023-08-04,https://www.unisoc.com/en/support/product-security-bulletin/1687281609859989506
CVE-2023-33911,Exposure of Sensitive Information to an Unauthorized Actor in vowifi service,"In vowifi service, there is a possible missing permission check.This could lead to local information disclosure with no additional execution privileges",Android,CWE-200Exposureof Sensitive Information to anUnauthorizedActor,Local,Medium,4,CVSS:3.1/AV:L/AC:L/PR:N/UI:N/S:U/C:L/I:N/A:N,SC7731E/SC9832E/SC9863A/T606/T612/T616/T610/T618,Android9/Android10/Android11,2023-08-04,https://www.unisoc.com/en/support/product-security-bulletin/1687281609859989506
CVE-2023-33912,Exposure of Sensitive Information to an Unauthorized Actor in Contacts service,"In Contacts service, there is a possible missing permission check.This could lead to local information disclosure with no additional execution privileges",Android,CWE-200Exposureof Sensitive Information to anUnauthorizedActor,Local,Medium,4.2,CVSS:3.1/AV:L/AC:L/PR:H/UI:R/S:U/C:H/I:N/A:N,SC7731E/SC9832E/SC9863A/T310/T606/T612/T616/T610/T618/T760/T770/T820/S8000,Android11/Android12/Android13,2023-08-04,https://www.unisoc.com/en/support/product-security-bulletin/1687281609859989506
CVE-2022-47350,Out-of-bounds Read in camera driver,"In camera driver, there is a possible out of bounds read due to a missing bounds check. This could lead to local denial of service with System execution privileges needed",Kernel,CWE-125 Out-of-bounds Read,Local,Medium,4.4,CVSS:3.1/AV:L/AC:L/PR:L/UI:N/S:U/C:N/I:L/A:L,SC9863A/T310/T606/T612/T616/T610/T618/T760/T770/T820/S8000,Android11/Android12/Android13,2023-08-04,https://www.unisoc.com/en/support/product-security-bulletin/1687281609859989506
CVE-2022-47351,Out-of-bounds Read in camera driver,"In camera driver, there is a possible out of bounds read due to a missing bounds check. This could lead to local denial of service with System execution privileges needed",Kernel,CWE-125 Out-of-bounds Read,Local,Medium,4.4,CVSS:3.1/AV:L/AC:L/PR:L/UI:N/S:U/C:N/I:L/A:L,T606/T612/T616/T610/T618/T760/T770/T820/S8000,Android13/Android11/Android12,2023-08-04,https://www.unisoc.com/en/support/product-security-bulletin/1687281609859989506
CVE-2023-33913,Buffer Copy without Checking Size of Input ('Classic Buffer Overflow') in DRM/oemcrypto,"In DRM/oemcrypto, there is a possible out of bounds write due to an incorrect calculation of buffer size.This could lead to remote escalation of privilege with System execution privileges needed",Android,CWE-120BufferCopywithoutCheckingSizeofInputClassicBufferOverflow,Adjacent,High,7.1,CVSS:3.1/AV:A/AC:H/PR:N/UI:N/S:U/C:H/I:L/A:H,T606/T612/T616/T610/T618/T760/T770/T820/S8000,Android12/Android11,2023-08-04,https://www.unisoc.com/en/support/product-security-bulletin/1687281609859989506
CVE-2023-3630,Comparison Logic is Vulnerable to Power Side-Channel Attacks in Mocor system,In Mocor system there is a missing permission check. This could lead to local escalation of privilege with no additional execution privileges,Mocor,CWE-1255: ComparisonLogicisVulnerabletoPowerSide-ChannelAttacks,Physical,Medium,6.1,CVSS:3.1/AV:P/AC:L/PR:N/UI:N/S:U/C:H/I:H/A:N,Mocor platforms,Mocor,2023-08-04,https://www.unisoc.com/en/support/product-security-bulletin/1687281609859989506
CVE-2023-30916,Missing Authorization in DMService,"In DMService, there is a possible missing permission check. This could lead to local escalation of privilege with no additional execution privileges.",Android,CWE-862 Missing Authorization,Local,Medium,5.3,CVSS:3.1/AV:L/AC:L/PR:N/UI:R/S:U/C:L/I:L/A:L,SC9863A/SC9832E/SC7731E/T610/T310/T606/T760/T610/T618/T606/T612/T616/T760/T770/T820/S8000,Android10/Android11/Android12/Android13,2023-07-06,https://www.unisoc.com/en/support/product-security-bulletin/1676902702489075713
CVE-2023-30917,Missing Authorization in DMService,"In DMService, there is a possible missing permission check. This could lead to local escalation of privilege with no additional execution privileges.",Android,CWE-862 Missing Authorization,Local,Medium,5.3,CVSS:3.1/AV:L/AC:L/PR:N/UI:R/S:U/C:L/I:L/A:L,SC9863A/SC9832E/SC7731E/T610/T310/T606/T760/T610/T618/T606/T612/T616/T760/T770/T820/S8000,Android10/Android11/Android12/Android13,2023-07-06,https://www.unisoc.com/en/support/product-security-bulletin/1676902702489075713
CVE-2023-30918,Exposure of Sensitive Information to an Unauthorized Actor in Telephony Service,"In telephony service, there is a missing permission check. This could lead to local information disclosure with no additional execution privileges needed.",Android,CWE-200Exposureof Sensitive Information to anUnauthorizedActor,Local,Medium,5.3,CVSS:3.1/AV:L/AC:L/PR:N/UI:R/S:U/C:L/I:L/A:L,SC9863A/SC9832E/SC7731E/T610/T310/T606/T760/T610/T618/T606/T612/T616/T760/T770/T820/S8000,Android10/Android11/Android12/Android13,2023-07-06,https://www.unisoc.com/en/support/product-security-bulletin/1676902702489075713
CVE-2023-30919,Exposure of Sensitive Information to an Unauthorized Actor in Messaging Service,"In messaging service, there is a missing permission check. This could lead to local information disclosure with no additional execution privileges needed.",Android,CWE-200Exposureof Sensitive Information to anUnauthorizedActor,Local,Medium,5.3,CVSS:3.1/AV:L/AC:L/PR:N/UI:R/S:U/C:L/I:L/A:L,SC9863A/SC9832E/SC7731E/T610/T310/T606/T760/T610/T618/T606/T612/T616/T760/T770/T820/S8000,Android10/Android11/Android12/Android13,2023-07-06,https://www.unisoc.com/en/support/product-security-bulletin/1676902702489075713
CVE-2023-30920,Exposure of Sensitive Information to an Unauthorized Actor in Messaging Service,"In messaging service, there is a missing permission check. This could lead to local information disclosure with no additional execution privileges needed.",Android,CWE-200Exposureof Sensitive Information to anUnauthorizedActor,Local,Medium,5.3,CVSS:3.1/AV:L/AC:L/PR:N/UI:R/S:U/C:L/I:L/A:L,SC9863A/SC9832E/SC7731E/T610/T310/T606/T760/T610/T618/T606/T612/T616/T760/T770/T820/S8000,Android10/Android11/Android12/Android13,2023-07-06,https://www.unisoc.com/en/support/product-security-bulletin/1676902702489075713
CVE-2023-30921,Exposure of Sensitive Information to an Unauthorized Actor in Messaging Service,"In messaging service, there is a missing permission check. This could lead to local information disclosure with no additional execution privileges needed.",Android,CWE-200Exposureof Sensitive Information to anUnauthorizedActor,Local,Medium,5.3,CVSS:3.1/AV:L/AC:L/PR:N/UI:R/S:U/C:L/I:L/A:L,SC9863A/SC9832E/SC7731E/T610/T310/T606/T760/T610/T618/T606/T612/T616/T760/T770/T820/S8000,Android10/Android11/Android12/Android13,2023-07-06,https://www.unisoc.com/en/support/product-security-bulletin/1676902702489075713
CVE-2023-30922,Exposure of Sensitive Information to an Unauthorized Actor in Messaging Service,"In messaging service, there is a missing permission check. This could lead to local information disclosure with no additional execution privileges needed.",Android,CWE-200Exposureof Sensitive Information to anUnauthorizedActor,Local,Medium,5.3,CVSS:3.1/AV:L/AC:L/PR:N/UI:R/S:U/C:L/I:L/A:L,SC9863A/SC9832E/SC7731E/T610/T310/T606/T760/T610/T618/T606/T612/T616/T760/T770/T820/S8000,Android10/Android11/Android12/Android13,2023-07-06,https://www.unisoc.com/en/support/product-security-bulletin/1676902702489075713
CVE-2023-30923,Exposure of Sensitive Information to an Unauthorized Actor in Messaging Service,"In messaging service, there is a missing permission check. This could lead to local information disclosure with no additional execution privileges needed.",Android,CWE-200Exposureof Sensitive Information to anUnauthorizedActor,Local,Medium,5.3,CVSS:3.1/AV:L/AC:L/PR:N/UI:R/S:U/C:L/I:L/A:L,SC9863A/SC9832E/SC7731E/T610/T310/T606/T760/T610/T618/T606/T612/T616/T760/T770/T820/S8000,Android10/Android11/Android12/Android13,2023-07-06,https://www.unisoc.com/en/support/product-security-bulletin/1676902702489075713
CVE-2023-30924,Exposure of Sensitive Information to an Unauthorized Actor in Messaging Service,"In messaging service, there is a missing permission check. This could lead to local information disclosure with no additional execution privileges needed.",Android,CWE-200Exposureof Sensitive Information to anUnauthorizedActor,Local,Medium,5.3,CVSS:3.1/AV:L/AC:L/PR:N/UI:R/S:U/C:L/I:L/A:L,SC9863A/SC9832E/SC7731E/T610/T310/T606/T760/T610/T618/T606/T612/T616/T760/T770/T820/S8000,Android10/Android11/Android12/Android13,2023-07-06,https://www.unisoc.com/en/support/product-security-bulletin/1676902702489075713
CVE-2023-30925,Exposure of Sensitive Information to an Unauthorized Actor in opm service,"In opm service, there is a missing permission check. This could lead to local information disclosure with no additional execution privileges needed.",Android,CWE-200Exposureof Sensitive Information to anUnauthorizedActor,Local,Medium,5.3,CVSS:3.1/AV:L/AC:L/PR:N/UI:R/S:U/C:L/I:L/A:L,SC9863A/SC9832E/SC7731E/T610/T310/T606/T760/T610/T618/T606/T612/T616/T760/T770/T820/S8000,Android10/Android11/Android12/Android13,2023-07-06,https://www.unisoc.com/en/support/product-security-bulletin/1676902702489075713
CVE-2023-30926,Exposure of Sensitive Information to an Unauthorized Actor in opm service,"In opm service, there is a missing permission check. This could lead to local information disclosure with no additional execution privileges needed.",Android,CWE-200Exposureof Sensitive Information to anUnauthorizedActor,Local,Medium,5.3,CVSS:3.1/AV:L/AC:L/PR:N/UI:R/S:U/C:L/I:L/A:L,SC9863A/SC9832E/SC7731E/T610/T310/T606/T760/T610/T618/T606/T612/T616/T760/T770/T820/S8000,Android10/Android11/Android12/Android13,2023-07-06,https://www.unisoc.com/en/support/product-security-bulletin/1676902702489075713
CVE-2023-30927,Exposure of Sensitive Information to an Unauthorized Actor in Telephony Service,"In telephony service, there is a missing permission check. This could lead to local information disclosure with no additional execution privileges needed.",Android,CWE-200Exposureof Sensitive Information to anUnauthorizedActor,Local,Medium,4,CVSS:3.1/AV:L/AC:L/PR:N/UI:N/S:U/C:L/I:N/A:N,SC9863A/SC9832E/SC7731E/T610/T310/T606/T760/T610/T618/T606/T612/T616/T760/T770/T820/S8000,Android10/Android11/Android12/Android13,2023-07-06,https://www.unisoc.com/en/support/product-security-bulletin/1676902702489075713
CVE-2023-30928,Missing Authorization in Telephony Service,"In telephony service, there is a possible missing permission check. This could lead to local escalation of privilege with no additional execution privileges.",Android,CWE-862 Missing Authorization,Local,Medium,4,CVSS:3.1/AV:L/AC:L/PR:N/UI:N/S:U/C:L/I:N/A:N,SC9863A/SC9832E/SC7731E/T610/T310/T606/T760/T610/T618/T606/T612/T616/T760/T770/T820/S8000,Android10/Android11/Android12/Android13,2023-07-06,https://www.unisoc.com/en/support/product-security-bulletin/1676902702489075713
CVE-2023-30929,Missing Authorization in Telephony Service,"In telephony service, there is a possible missing permission check. This could lead to local escalation of privilege with no additional execution privileges.",Android,CWE-862 Missing Authorization,Local,Medium,4,CVSS:3.1/AV:L/AC:L/PR:N/UI:N/S:U/C:L/I:N/A:N,SC9863A/SC9832E/SC7731E/T610/T310/T606/T760/T610/T618/T606/T612/T616/T760/T770/T820/S8000,Android10/Android11/Android12/Android13,2023-07-06,https://www.unisoc.com/en/support/product-security-bulletin/1676902702489075713
CVE-2023-30930,Exposure of Sensitive Information to an Unauthorized Actor in Telephony Service,"In telephony service, there is a missing permission check. This could lead to local information disclosure with no additional execution privileges needed.",Android,CWE-200Exposureof Sensitive Information to anUnauthorizedActor,Local,Medium,5.3,CVSS:3.1/AV:L/AC:L/PR:N/UI:R/S:U/C:L/I:L/A:L,SC9863A/SC9832E/SC7731E/T610/T310/T606/T760/T610/T618/T606/T612/T616/T760/T770/T820/S8000,Android10/Android11/Android12/Android13,2023-07-06,https://www.unisoc.com/en/support/product-security-bulletin/1676902702489075713
CVE-2023-30931,Exposure of Sensitive Information to an Unauthorized Actor in Telephony Service,"In telephony service, there is a missing permission check. This could lead to local information disclosure with no additional execution privileges needed.",Android,CWE-200Exposureof Sensitive Information to anUnauthorizedActor,Local,Medium,4,CVSS:3.1/AV:L/AC:L/PR:N/UI:N/S:U/C:L/I:N/A:N,SC9863A/SC9832E/SC7731E/T610/T310/T606/T760/T610/T618/T606/T612/T616/T760/T770/T820/S8000,Android10/Android11/Android12/Android13,2023-07-06,https://www.unisoc.com/en/support/product-security-bulletin/1676902702489075713
CVE-2023-30932,Exposure of Sensitive Information to an Unauthorized Actor in Telephony Service,"In telephony service, there is a missing permission check. This could lead to local information disclosure with no additional execution privileges needed.",Android,CWE-200Exposureof Sensitive Information to anUnauthorizedActor,Local,Medium,4,CVSS:3.1/AV:L/AC:L/PR:N/UI:N/S:U/C:L/I:N/A:N,SC9863A/SC9832E/SC7731E/T610/T310/T606/T760/T610/T618/T606/T612/T616/T760/T770/T820/S8000,Android10/Android11/Android12/Android13,2023-07-06,https://www.unisoc.com/en/support/product-security-bulletin/1676902702489075713
CVE-2023-30933,Exposure of Sensitive Information to an Unauthorized Actor in Telephony Service,"In telephony service, there is a missing permission check. This could lead to local information disclosure with no additional execution privileges needed.",Android,CWE-200Exposureof Sensitive Information to anUnauthorizedActor,Local,Medium,4,CVSS:3.1/AV:L/AC:L/PR:N/UI:N/S:U/C:L/I:N/A:N,SC9863A/SC9832E/SC7731E/T610/T310/T606/T760/T610/T618/T606/T612/T616/T760/T770/T820/S8000,Android10/Android11/Android12/Android13,2023-07-06,https://www.unisoc.com/en/support/product-security-bulletin/1676902702489075713
CVE-2023-30934,Exposure of Sensitive Information to an Unauthorized Actor in Telephony Service,"In telephony service, there is a missing permission check. This could lead to local information disclosure with no additional execution privileges needed.",Android,CWE-200Exposureof Sensitive Information to anUnauthorizedActor,Local,Medium,4,CVSS:3.1/AV:L/AC:L/PR:N/UI:N/S:U/C:L/I:N/A:N,SC9863A/SC9832E/SC7731E/T610/T310/T606/T760/T610/T618/T606/T612/T616/T760/T770/T820/S8000,Android10/Android11/Android12/Android13,2023-07-06,https://www.unisoc.com/en/support/product-security-bulletin/1676902702489075713
CVE-2023-30935,Exposure of Sensitive Information to an Unauthorized Actor in Telephony Service,"In telephony service, there is a missing permission check. This could lead to local information disclosure with no additional execution privileges needed.",Android,CWE-200Exposureof Sensitive Information to anUnauthorizedActor,Local,Medium,4,CVSS:3.1/AV:L/AC:L/PR:N/UI:N/S:U/C:L/I:N/A:N,SC9863A/SC9832E/SC7731E/T610/T310/T606/T760/T610/T618/T606/T612/T616/T760/T770/T820/S8000,Android10/Android11/Android12/Android13,2023-07-06,https://www.unisoc.com/en/support/product-security-bulletin/1676902702489075713
CVE-2023-30936,Exposure of Sensitive Information to an Unauthorized Actor in Telephony Service,"In telephony service, there is a missing permission check. This could lead to local information disclosure with no additional execution privileges needed.",Android,CWE-200Exposureof Sensitive Information to anUnauthorizedActor,Local,Medium,4,CVSS:3.1/AV:L/AC:L/PR:N/UI:N/S:U/C:L/I:N/A:N,SC9863A/SC9832E/SC7731E/T610/T310/T606/T760/T610/T618/T606/T612/T616/T760/T770/T820/S8000,Android10/Android11/Android12/Android13,2023-07-06,https://www.unisoc.com/en/support/product-security-bulletin/1676902702489075713
CVE-2023-30937,Exposure of Sensitive Information to an Unauthorized Actor in Telephony Service,"In telephony service, there is a missing permission check. This could lead to local information disclosure with no additional execution privileges needed.",Android,CWE-200Exposureof Sensitive Information to anUnauthorizedActor,Local,Medium,4,CVSS:3.1/AV:L/AC:L/PR:N/UI:N/S:U/C:L/I:N/A:N,SC9863A/SC9832E/SC7731E/T610/T310/T606/T760/T610/T618/T606/T612/T616/T760/T770/T820/S8000,Android10/Android11/Android12/Android13,2023-07-06,https://www.unisoc.com/en/support/product-security-bulletin/1676902702489075713
CVE-2023-30938,Exposure of Sensitive Information to an Unauthorized Actor in Telephony Service,"In telephony service, there is a missing permission check. This could lead to local information disclosure with no additional execution privileges needed.",Android,CWE-200Exposureof Sensitive Information to anUnauthorizedActor,Local,Medium,4,CVSS:3.1/AV:L/AC:L/PR:N/UI:N/S:U/C:L/I:N/A:N,SC9863A/SC9832E/SC7731E/T610/T310/T606/T760/T610/T618/T606/T612/T616/T760/T770/T820/S8000,Android10/Android11/Android12/Android13,2023-07-06,https://www.unisoc.com/en/support/product-security-bulletin/1676902702489075713
CVE-2023-30939,Exposure of Sensitive Information to an Unauthorized Actor in Telephony Service,"In telephony service, there is a missing permission check. This could lead to local information disclosure with no additional execution privileges needed.",Android,CWE-200Exposureof Sensitive Information to anUnauthorizedActor,Local,Medium,4,CVSS:3.1/AV:L/AC:L/PR:N/UI:N/S:U/C:L/I:N/A:N,SC9863A/SC9832E/SC7731E/T610/T310/T606/T760/T610/T618/T606/T612/T616/T760/T770/T820/S8000,Android10/Android11/Android12/Android13,2023-07-06,https://www.unisoc.com/en/support/product-security-bulletin/1676902702489075713
CVE-2023-30940,Exposure of Sensitive Information to an Unauthorized Actor in Telephony Service,"In telephony service, there is a missing permission check. This could lead to local information disclosure with no additional execution privileges needed.",Android,CWE-200Exposureof Sensitive Information to anUnauthorizedActor,Local,Medium,4,CVSS:3.1/AV:L/AC:L/PR:N/UI:N/S:U/C:L/I:N/A:N,SC9863A/SC9832E/SC7731E/T610/T310/T606/T760/T610/T618/T606/T612/T616/T760/T770/T820/S8000,Android10/Android11/Android12/Android13,2023-07-06,https://www.unisoc.com/en/support/product-security-bulletin/1676902702489075713
CVE-2023-30941,Exposure of Sensitive Information to an Unauthorized Actor in Telephony Service,"In telephony service, there is a missing permission check. This could lead to local information disclosure with no additional execution privileges needed.",Android,CWE-200Exposureof Sensitive Information to anUnauthorizedActor,Local,Medium,4,CVSS:3.1/AV:L/AC:L/PR:N/UI:N/S:U/C:L/I:N/A:N,SC9863A/SC9832E/SC7731E/T610/T310/T606/T760/T610/T618/T606/T612/T616/T760/T770/T820/S8000,Android10/Android11/Android12/Android13,2023-07-06,https://www.unisoc.com/en/support/product-security-bulletin/1676902702489075713
CVE-2023-30942,Exposure of Sensitive Information to an Unauthorized Actor in Telephony Service,"In telephony service, there is a missing permission check. This could lead to local information disclosure with no additional execution privileges needed.",Android,CWE-200Exposureof Sensitive Information to anUnauthorizedActor,Local,Medium,4,CVSS:3.1/AV:L/AC:L/PR:N/UI:N/S:U/C:L/I:N/A:N,SC9863A/SC9832E/SC7731E/T610/T310/T606/T760/T610/T618/T606/T612/T616/T760/T770/T820/S8000,Android10/Android11/Android12/Android13,2023-07-06,https://www.unisoc.com/en/support/product-security-bulletin/1676902702489075713
CVE-2023-30913,Exposure of Sensitive Information to an Unauthorized Actor in Telephony Service,"In telephony service, there is a missing permission check. This could lead to local information disclosure with no additional execution privileges needed.",Android,CWE-200Exposureof Sensitive Information to anUnauthorizedActor,Local,Medium,4,CVSS:3.1/AV:L/AC:L/PR:N/UI:N/S:U/C:L/I:N/A:N,SC9863A/SC9832E/SC7731E/T610/T310/T606/T760/T610/T618/T606/T612/T616/T760/T770/T820/S8000,Android10/Android11/Android12/Android13,2023-07-06,https://www.unisoc.com/en/support/product-security-bulletin/1676902702489075713
CVE-2023-33898,Exposure of Sensitive Information to an Unauthorized Actor in Telephony Service,"In telephony service, there is a missing permission check. This could lead to local information disclosure with no additional execution privileges needed.",Android,CWE-200Exposureof Sensitive Information to anUnauthorizedActor,Local,Medium,4,CVSS:3.1/AV:L/AC:L/PR:N/UI:N/S:U/C:L/I:N/A:N,SC9863A/SC9832E/SC7731E/T610/T310/T606/T760/T610/T618/T606/T612/T616/T760/T770/T820/S8000,Android10/Android11/Android12/Android13,2023-07-06,https://www.unisoc.com/en/support/product-security-bulletin/1676902702489075713
CVE-2023-33899,Exposure of Sensitive Information to an Unauthorized Actor in Telephony Service,"In telephony service, there is a missing permission check. This could lead to local information disclosure with no additional execution privileges needed.",Android,CWE-200Exposureof Sensitive Information to anUnauthorizedActor,Local,Medium,4,CVSS:3.1/AV:L/AC:L/PR:N/UI:N/S:U/C:L/I:N/A:N,SC9863A/SC9832E/SC7731E/T610/T310/T606/T760/T610/T618/T606/T612/T616/T760/T770/T820/S8000,Android10/Android11/Android12/Android13,2023-07-06,https://www.unisoc.com/en/support/product-security-bulletin/1676902702489075713
CVE-2023-33900,Exposure of Sensitive Information to an Unauthorized Actor in Telephony Service,"In telephony service, there is a missing permission check. This could lead to local information disclosure with no additional execution privileges needed.",Android,CWE-200Exposureof Sensitive Information to anUnauthorizedActor,Local,Medium,4,CVSS:3.1/AV:L/AC:L/PR:N/UI:N/S:U/C:L/I:N/A:N,SC9863A/SC9832E/SC7731E/T610/T310/T606/T760/T610/T618/T606/T612/T616/T760/T770/T820/S8000,Android10/Android11/Android12/Android13,2023-07-06,https://www.unisoc.com/en/support/product-security-bulletin/1676902702489075713
CVE-2023-32788,Exposure of Sensitive Information to an Unauthorized Actor in Telephony Service,"In telephony service, there is a missing permission check. This could lead to local information disclosure with no additional execution privileges needed.",Android,CWE-200Exposureof Sensitive Information to anUnauthorizedActor,Local,Medium,4,CVSS:3.1/AV:L/AC:L/PR:N/UI:N/S:U/C:L/I:N/A:N,SC9863A/SC9832E/SC7731E/T610/T310/T606/T760/T610/T618/T606/T612/T616/T760/T770/T820/S8000,Android10/Android11/Android12/Android13,2023-07-06,https://www.unisoc.com/en/support/product-security-bulletin/1676902702489075713
CVE-2023-32789,Exposure of Sensitive Information to an Unauthorized Actor in Telephony Service,"In telephony service, there is a missing permission check. This could lead to local information disclosure with no additional execution privileges needed.",Android,CWE-200Exposureof Sensitive Information to anUnauthorizedActor,Local,Medium,4,CVSS:3.1/AV:L/AC:L/PR:N/UI:N/S:U/C:L/I:N/A:N,SC9863A/SC9832E/SC7731E/T610/T310/T606/T760/T610/T618/T606/T612/T616/T760/T770/T820/S8000,Android10/Android11/Android12/Android13,2023-07-06,https://www.unisoc.com/en/support/product-security-bulletin/1676902702489075713
CVE-2023-33879,Exposure of Sensitive Information to an Unauthorized Actor in Music Service,"In music service, there is a missing permission check. This could lead to local information disclosure with no additional execution privileges needed.",Android,CWE-200Exposureof Sensitive Information to anUnauthorizedActor,Local,Medium,4,CVSS:3.1/AV:L/AC:L/PR:N/UI:N/S:U/C:L/I:N/A:N,SC9863A/SC9832E/SC7731E/T610/T310/T606/T760/T610/T618/T606/T612/T616/T760/T770/T820/S8000,Android10/Android11/Android12/Android13,2023-07-06,https://www.unisoc.com/en/support/product-security-bulletin/1676902702489075713
CVE-2023-33880,Exposure of Sensitive Information to an Unauthorized Actor in Music Service,"In music service, there is a missing permission check. This could lead to local information disclosure with no additional execution privileges needed.",Android,CWE-200Exposureof Sensitive Information to anUnauthorizedActor,Local,Medium,4,CVSS:3.1/AV:L/AC:L/PR:N/UI:N/S:U/C:L/I:N/A:N,SC9863A/SC9832E/SC7731E/T610/T310/T606/T760/T610/T618/T606/T612/T616/T760/T770/T820/S8000,Android10/Android11/Android12/Android13,2023-07-06,https://www.unisoc.com/en/support/product-security-bulletin/1676902702489075713
CVE-2023-33881,Exposure of Sensitive Information to an Unauthorized Actor in Telephony Service,"In telephony service, there is a missing permission check. This could lead to local information disclosure with no additional execution privileges needed.",Android,CWE-200Exposureof Sensitive Information to anUnauthorizedActor,Local,Medium,4,CVSS:3.1/AV:L/AC:L/PR:N/UI:N/S:U/C:L/I:N/A:N,SC9863A/SC9832E/SC7731E/T610/T310/T606/T760/T610/T618/T606/T612/T616/T760/T770/T820/S8000,Android10/Android11/Android12/Android13,2023-07-06,https://www.unisoc.com/en/support/product-security-bulletin/1676902702489075713
CVE-2023-33882,Exposure of Sensitive Information to an Unauthorized Actor in Telephony Service,"In telephony service, there is a missing permission check. This could lead to local information disclosure with no additional execution privileges needed.",Android,CWE-200Exposureof Sensitive Information to anUnauthorizedActor,Local,Medium,4,CVSS:3.1/AV:L/AC:L/PR:N/UI:N/S:U/C:L/I:N/A:N,SC9863A/SC9832E/SC7731E/T610/T310/T606/T760/T610/T618/T606/T612/T616/T760/T770/T820/S8000,Android10/Android11/Android12/Android13,2023-07-06,https://www.unisoc.com/en/support/product-security-bulletin/1676902702489075713
CVE-2023-33883,Exposure of Sensitive Information to an Unauthorized Actor in Telephony Service,"In telephony service, there is a missing permission check. This could lead to local information disclosure with no additional execution privileges needed.",Android,CWE-200Exposureof Sensitive Information to anUnauthorizedActor,Local,Medium,4,CVSS:3.1/AV:L/AC:L/PR:N/UI:N/S:U/C:L/I:N/A:N,SC9863A/SC9832E/SC7731E/T610/T310/T606/T760/T610/T618/T606/T612/T616/T760/T770/T820/S8000,Android10/Android11/Android12/Android13,2023-07-06,https://www.unisoc.com/en/support/product-security-bulletin/1676902702489075713
CVE-2023-33884,Exposure of Sensitive Information to an Unauthorized Actor in Messaging Service,"In telephony service, there is a missing permission check. This could lead to local information disclosure with no additional execution privileges needed.",Android,CWE-200Exposureof Sensitive Information to anUnauthorizedActor,Local,Medium,5.3,CVSS:3.1/AV:L/AC:L/PR:N/UI:R/S:U/C:L/I:L/A:L,SC9863A/SC9832E/SC7731E/T610/T310/T606/T760/T610/T618/T606/T612/T616/T760/T770/T820/S8000,Android10/Android11/Android12/Android13,2023-07-06,https://www.unisoc.com/en/support/product-security-bulletin/1676902702489075713
CVE-2023-33885,Exposure of Sensitive Information to an Unauthorized Actor in Telephony Service,"In telephony service, there is a missing permission check. This could lead to local information disclosure with no additional execution privileges needed.",Android,CWE-200Exposureof Sensitive Information to anUnauthorizedActor,Local,Medium,4,CVSS:3.1/AV:L/AC:L/PR:N/UI:N/S:U/C:L/I:N/A:N,SC9863A/SC9832E/SC7731E/T610/T310/T606/T760/T610/T618/T606/T612/T616/T760/T770/T820/S8000,Android10/Android11/Android12/Android13,2023-07-06,https://www.unisoc.com/en/support/product-security-bulletin/1676902702489075713
CVE-2023-33886,Exposure of Sensitive Information to an Unauthorized Actor in Telephony Service,"In telephony service, there is a missing permission check. This could lead to local information disclosure with no additional execution privileges needed.",Android,CWE-200Exposureof Sensitive Information to anUnauthorizedActor,Local,Medium,4,CVSS:3.1/AV:L/AC:L/PR:N/UI:N/S:U/C:L/I:N/A:N,SC9863A/SC9832E/SC7731E/T610/T310/T606/T760/T610/T618/T606/T612/T616/T760/T770/T820/S8000,Android10/Android11/Android12/Android13,2023-07-06,https://www.unisoc.com/en/support/product-security-bulletin/1676902702489075713
CVE-2023-33887,Exposure of Sensitive Information to an Unauthorized Actor in Telephony Service,"In telephony service, there is a missing permission check. This could lead to local information disclosure with no additional execution privileges needed.",Android,CWE-200Exposureof Sensitive Information to anUnauthorizedActor,Local,Medium,4,CVSS:3.1/AV:L/AC:L/PR:N/UI:N/S:U/C:L/I:N/A:N,SC9863A/SC9832E/SC7731E/T610/T310/T606/T760/T610/T618/T606/T612/T616/T760/T770/T820/S8000,Android10/Android11/Android12/Android13,2023-07-06,https://www.unisoc.com/en/support/product-security-bulletin/1676902702489075713
CVE-2023-33888,Exposure of Sensitive Information to an Unauthorized Actor in Telephony Service,"In telephony service, there is a missing permission check. This could lead to local information disclosure with no additional execution privileges needed.",Android,CWE-200Exposureof Sensitive Information to anUnauthorizedActor,Local,Medium,4,CVSS:3.1/AV:L/AC:L/PR:N/UI:N/S:U/C:L/I:N/A:N,SC9863A/SC9832E/SC7731E/T610/T310/T606/T760/T610/T618/T606/T612/T616/T760/T770/T820/S8000,Android10/Android11/Android12/Android13,2023-07-06,https://www.unisoc.com/en/support/product-security-bulletin/1676902702489075713
CVE-2023-33889,Exposure of Sensitive Information to an Unauthorized Actor in Telephony Service,"In telephony service, there is a missing permission check. This could lead to local information disclosure with no additional execution privileges needed.",Android,CWE-200Exposureof Sensitive Information to anUnauthorizedActor,Local,Medium,4,CVSS:3.1/AV:L/AC:L/PR:N/UI:N/S:U/C:L/I:N/A:N,SC9863A/SC9832E/SC7731E/T610/T310/T606/T760/T610/T618/T606/T612/T616/T760/T770/T820/S8000,Android10/Android11/Android12/Android13,2023-07-06,https://www.unisoc.com/en/support/product-security-bulletin/1676902702489075713
CVE-2023-33890,Exposure of Sensitive Information to an Unauthorized Actor in Telephony Service,"In telephony service, there is a missing permission check. This could lead to local information disclosure with no additional execution privileges needed.",Android,CWE-200Exposureof Sensitive Information to anUnauthorizedActor,Local,Medium,4,CVSS:3.1/AV:L/AC:L/PR:N/UI:N/S:U/C:L/I:N/A:N,SC9863A/SC9832E/SC7731E/T610/T310/T606/T760/T610/T618/T606/T612/T616/T760/T770/T820/S8000,Android10/Android11/Android12/Android13,2023-07-06,https://www.unisoc.com/en/support/product-security-bulletin/1676902702489075713
CVE-2023-33891,Exposure of Sensitive Information to an Unauthorized Actor in Telephony Service,"In telephony service, there is a missing permission check. This could lead to local information disclosure with no additional execution privileges needed.",Android,CWE-200Exposureof Sensitive Information to anUnauthorizedActor,Local,Medium,4,CVSS:3.1/AV:L/AC:L/PR:N/UI:N/S:U/C:L/I:N/A:N,SC9863A/SC9832E/SC7731E/T610/T310/T606/T760/T610/T618/T606/T612/T616/T760/T770/T820/S8000,Android10/Android11/Android12/Android13,2023-07-06,https://www.unisoc.com/en/support/product-security-bulletin/1676902702489075713
CVE-2023-33892,Exposure of Sensitive Information to an Unauthorized Actor in FastDial Service,"In fastDial service, there is a missing permission check. This could lead to local information disclosure with no additional execution privileges needed.",Android,CWE-200Exposureof Sensitive Information to anUnauthorizedActor,Local,Medium,4.2,CVSS:3.1/AV:L/AC:L/PR:H/UI:R/S:U/C:H/I:N/A:N,SC9863A/SC9832E/SC7731E/T610/T310/T606/T760/T610/T618/T606/T612/T616/T760/T770/T820/S8001,Android10/Android11/Android12/Android13,2023-07-06,https://www.unisoc.com/en/support/product-security-bulletin/1676902702489075713
CVE-2023-33893,Exposure of Sensitive Information to an Unauthorized Actor in FastDial Service,"In fastDial service, there is a missing permission check. This could lead to local information disclosure with no additional execution privileges needed.",Android,CWE-200Exposureof Sensitive Information to anUnauthorizedActor,Local,Medium,4.2,CVSS:3.1/AV:L/AC:L/PR:H/UI:R/S:U/C:H/I:N/A:N,SC9863A/SC9832E/SC7731E/T610/T310/T606/T760/T610/T618/T606/T612/T616/T760/T770/T820/S8002,Android10/Android11/Android12/Android13,2023-07-06,https://www.unisoc.com/en/support/product-security-bulletin/1676902702489075713
CVE-2023-33894,Exposure of Sensitive Information to an Unauthorized Actor in FastDial Service,"In fastDial service, there is a missing permission check. This could lead to local information disclosure with no additional execution privileges needed.",Android,CWE-200Exposureof Sensitive Information to anUnauthorizedActor,Local,Medium,4.2,CVSS:3.1/AV:L/AC:L/PR:H/UI:R/S:U/C:H/I:N/A:N,SC9863A/SC9832E/SC7731E/T610/T310/T606/T760/T610/T618/T606/T612/T616/T760/T770/T820/S8003,Android10/Android11/Android12/Android13,2023-07-06,https://www.unisoc.com/en/support/product-security-bulletin/1676902702489075713
CVE-2023-33895,Exposure of Sensitive Information to an Unauthorized Actor in FastDial Service,"In fastDial service, there is a missing permission check. This could lead to local information disclosure with no additional execution privileges needed.",Android,CWE-200Exposureof Sensitive Information to anUnauthorizedActor,Local,Medium,4.2,CVSS:3.1/AV:L/AC:L/PR:H/UI:R/S:U/C:H/I:N/A:N,SC9863A/SC9832E/SC7731E/T610/T310/T606/T760/T610/T618/T606/T612/T616/T760/T770/T820/S8004,Android10/Android11/Android12/Android13,2023-07-06,https://www.unisoc.com/en/support/product-security-bulletin/1676902702489075713
CVE-2023-33896,Out of Bounds Write in libimpl-ril,"In libimpl-ril, there is a possible out of bounds write due to a missing bounds check. This could lead to local denial of service with System execution privileges needed.",Android,CWE-787 Out-of-bounds Write,Local,Medium,6.7,CVSS:3.1/AV:L/AC:L/PR:H/UI:N/S:U/C:H/I:H/A:H,SC9863A/SC9832E/SC7731E/T610/T310/T606/T760/T610/T618/T606/T612/T616/T760/T770/T820/S8005,Android10/Android11/Android12/Android13,2023-07-06,https://www.unisoc.com/en/support/product-security-bulletin/1676902702489075713
CVE-2023-33897,Out of Bounds Write in libimpl-ril,"In libimpl-ril, there is a possible out of bounds write due to a missing bounds check. This could lead to local denial of service with System execution privileges needed.",Android,CWE-787 Out-of-bounds Write,Local,Medium,6.7,CVSS:3.1/AV:L/AC:L/PR:H/UI:N/S:U/C:H/I:H/A:H,SC9863A/SC9832E/SC7731E/T610/T310/T606/T760/T610/T618/T606/T612/T616/T760/T770/T820/S8006,Android10/Android11/Android12/Android13,2023-07-06,https://www.unisoc.com/en/support/product-security-bulletin/1676902702489075713
CVE-2023-33901,Exposure of Sensitive Information to an Unauthorized Actor in bluetooth,"In bluetooth service, there is a missing permission check. This could lead to local information disclosure with no additional execution privileges needed.",Android,CWE-200Exposureof Sensitive Information to anUnauthorizedActor,Local,Medium,4,CVSS:3.1/AV:L/AC:L/PR:H/UI:R/S:U/C:L/I:L/A:L,SC9863A/SC9832E/SC7731E/T610/T310/T606/T760/T610/T618/T606/T612/T616/T760/T770/T820/S8000,Android10/Android11/Android12,2023-07-06,https://www.unisoc.com/en/support/product-security-bulletin/1676902702489075713
CVE-2023-33902,Exposure of Sensitive Information to an Unauthorized Actor in bluetooth,"In bluetooth service, there is a missing permission check. This could lead to local information disclosure with no additional execution privileges needed.",Android,CWE-200Exposureof Sensitive Information to anUnauthorizedActor,Local,Medium,4,CVSS:3.1/AV:L/AC:L/PR:H/UI:R/S:U/C:L/I:L/A:L,SC9863A/SC9832E/SC7731E/T610/T310/T606/T760/T610/T618/T606/T612/T616/T760/T770/T820/S8000,Android10/Android11/Android12,2023-07-06,https://www.unisoc.com/en/support/product-security-bulletin/1676902702489075713
CVE-2023-33903,Classic Buffer Overflow in FM service,"In FM service, there is a possible missing params check. This could lead to local denial of service with System execution privileges needed.",Android,CWE-120 Classic Buffer Overflow,Local,Medium,4.4,CVSS:3.1/AV:L/AC:L/PR:H/UI:N/S:U/C:H/I:N/A:N,SC9863A/SC9832E/SC7731E/T610/T310/T606/T760/T610/T618/T606/T612/T616/T760/T770/T820/S8001,Android10/Android11/Android12/Android13,2023-07-06,https://www.unisoc.com/en/support/product-security-bulletin/1676902702489075713
CVE-2022-48450,Denial of Service in bluetooth service,"In bluetooth service, there is a possible missing params check. This could lead to local denial of service with System execution privileges needed.",Android,CWE-400 Denial of Service,Local,Medium,4.2,CVSS:3.1/AV:L/AC:H/PR:L/UI:R/S:U/C:L/I:L/A:L,SC9863A/SC9832E/SC7731E/T610/T310/T606/T760/T610/T618/T606/T612/T616/T760/T770/T820/S8000,Android10/Android11/Android12,2023-07-06,https://www.unisoc.com/en/support/product-security-bulletin/1676902702489075713
CVE-2023-33904,Buffer Over-read in hci server,"In hci_server, there is a possible out of bounds read due to a missing bounds check. This could lead to local denial of service with System execution privileges needed.",Android,CWE-126 Buffer Over-read,Local,Medium,4.2,CVSS:3.1/AV:L/AC:H/PR:L/UI:R/S:U/C:L/I:L/A:L,SC9863A/SC9832E/SC7731E/T610/T310/T606/T760/T610/T618/T606/T612/T616/T760/T770/T820/S8000,Android10/Android11/Android12,2023-07-06,https://www.unisoc.com/en/support/product-security-bulletin/1676902702489075713
CVE-2023-33905,Out-of-bounds Write in iwnpi server,"In iwnpi server, there is a possible out of bounds write due to a missing bounds check. This could lead to local denial of service with System execution privileges needed.",Android,CWE-787 Out-of-bounds Write,Local,Medium,5,CVSS:3.1/AV:L/AC:L/PR:L/UI:R/S:U/C:N/I:N/A:H,SC9863A/SC9832E/SC7731E/T610/T310/T606/T760/T610/T618/T606/T612/T616/T760/T770/T820/S8000,Android10/Android11/Android12/Android13,2023-07-06,https://www.unisoc.com/en/support/product-security-bulletin/1676902702489075713
CVE-2022-48451,Concurrent Execution using Shared Resource with Improper Synchronization ('Race Condition') in gnss_dbg driver,"In bluetooth service, there is a possible out of bounds write due to race condition. This could lead to local denial of service with System execution privileges needed.",Android,CWE-362 Concurrent Execution using Shared Resource with Improper Synchronization ('Race Condition'),Local,Medium,4.4,CVSS:3.1/AV:L/AC:L/PR:L/UI:N/S:U/C:L/I:L/A:N,SC9863A/SC9832E/SC7731E/T610/T310/T606/T760/T610/T618/T606/T612/T616/T760/T770/T820/S8000,Android10/Android11/Android12/Android13,2023-07-06,https://www.unisoc.com/en/support/product-security-bulletin/1676902702489075713
CVE-2022-48390,Missing Authorization in telephony service,"In telephony service, there is a possible missing permission check. This could lead to local escalation of privilege with no additional execution privileges.",Android,CWE-862 Missing Authorization,Local,High,7.3,CVSS:3.1/AV:L/AC:L/PR:N/UI:N/S:U/C:L/I:L/A:H,SC9863A/SC9832E/SC7731E/T610/T310/T606/T760/T610/T618/T606/T612/T616/T760/T770/T820/S8000,Android10/Android11/Android12,2023-06-03,https://www.unisoc.com/en/support/product-security-bulletin/1664817035017781250
CVE-2022-48391,Improper Check or Handling of Exceptional Conditions in telephony service,"In telephony service, there is a possible missing permission check. This could lead to local denial of service with no additional execution privileges.",Android,CWE-703 Improper Check or Handling of Exceptional Conditions,Local,High,7.3,CVSS:3.1/AV:L/AC:L/PR:N/UI:N/S:U/C:L/I:L/A:H,SC9863A/SC9832E/SC7731E/T610/T310/T606/T760/T610/T618/T606/T612/T616/T760/T770/T820/S8000,Android10/Android11/Android12,2023-06-03,https://www.unisoc.com/en/support/product-security-bulletin/1664817035017781250
CVE-2022-48392,Missing Authorization in dialer service,"In dialer service, there is a possible missing permission check. This could lead to local escalation of privilege with no additional execution privileges.",Android,CWE-862 Missing Authorization,Local,High,7.3,CVSS:3.1/AV:L/AC:L/PR:N/UI:N/S:U/C:L/I:H/A:L,SC9863A/SC9832E/SC7731E/T610/T310/T606/T760/T610/T618/T606/T612/T616/T760/T770/T820/S8000,Android10/Android11/Android12/Android13,2023-06-03,https://www.unisoc.com/en/support/product-security-bulletin/1664817035017781250
CVE-2022-48438,Out-of-bounds Write in cp_dump driver,"In cp_dump driver, there is a possible out of bounds write due to a missing bounds check. This could lead to local denial of service with System execution privileges needed.",Kernel,CWE-787 Out-of-bounds Write,Local,High,7.3,CVSS:3.1/AV:L/AC:L/PR:L/UI:R/S:C/C:H/I:L/A:L,SC9863A/SC9832E/SC7731E/T610/T310/T606/T760/T610/T618/T606/T612/T616/T760/T770/T820/S8000,Android11/Android12/Android13,2023-06-03,https://www.unisoc.com/en/support/product-security-bulletin/1664817035017781250
CVE-2022-48439,Out-of-bounds Write in cp_dump driver,"In cp_dump driver, there is a possible out of bounds write due to a missing bounds check. This could lead to local denial of service with System execution privileges needed.",Kernel,CWE-120 Classic Buffer Overflow,Local,Medium,4.4,CVSS:3.1/AV:L/AC:L/PR:H/UI:N/S:U/C:H/I:N/A:N,SC9863A/SC9832E/SC7731E/T610/T310/T606/T760/T610/T618/T606/T612/T616/T760/T770/T820/S8000,Android11/Android12/Android13,2023-06-03,https://www.unisoc.com/en/support/product-security-bulletin/1664817035017781250
CVE-2022-48440,Denial of Service in dialer,"In dialer service, there is a possible missing permission check. This could lead to local denial of service with no additional execution privileges.",Android,CWE-400 Denial of Service,Local,Medium,6.2,CVSS:3.1/AV:L/AC:H/PR:N/UI:N/S:U/C:L/I:L/A:H,SC9863A/SC9832E/SC7731E/T610/T310/T606/T760/T610/T618/T606/T612/T616/T760/T770/T820/S8000,Android10/Android11/Android12/Android13,2023-06-03,https://www.unisoc.com/en/support/product-security-bulletin/1664817035017781250
CVE-2022-48441,Denial of Service in dialer,"In dialer service, there is a possible missing permission check. This could lead to local denial of service with no additional execution privileges.",Android,CWE-400 Denial of Service,Local,Medium,6.2,CVSS:3.1/AV:L/AC:H/PR:N/UI:N/S:U/C:L/I:L/A:H,SC9863A/SC9832E/SC7731E/T610/T310/T606/T760/T610/T618/T606/T612/T616/T760/T770/T820/S8000,Android10/Android11/Android12/Android13,2023-06-03,https://www.unisoc.com/en/support/product-security-bulletin/1664817035017781250
CVE-2022-48442,NULL Pointer Dereference in dialer,"In dialer service, there is a possible missing permission check. This could lead to local denial of service with no additional execution privileges.",Android,CWE-476 NULL Pointer Dereference,Local,Medium,6.2,CVSS:3.1/AV:L/AC:H/PR:N/UI:N/S:U/C:L/I:L/A:H,SC9863A/SC9832E/SC7731E/T610/T310/T606/T760/T610/T618/T606/T612/T616/T760/T770/T820/S8000,Android10/Android11/Android12/Android13,2023-06-03,https://www.unisoc.com/en/support/product-security-bulletin/1664817035017781250
CVE-2022-48443,NULL Pointer Dereference in telephony service,"In telephony service, there is a possible missing permission check. This could lead to local denial of service with no additional execution privileges.",Android,CWE-476 NULL Pointer Dereference,Local,Medium,5.9,CVSS:3.1/AV:L/AC:L/PR:N/UI:N/S:U/C:L/I:L/A:L,SC9863A/SC9832E/SC7731E/T610/T310/T606/T760/T610/T618/T606/T612/T616/T760/T770/T820/S8000,Android10/Android11/Android12,2023-06-03,https://www.unisoc.com/en/support/product-security-bulletin/1664817035017781250
CVE-2022-48444,NULL Pointer Dereference in telephony service,"In telephony service, there is a possible missing permission check. This could lead to local denial of service with no additional execution privileges.",Android,CWE-476 NULL Pointer Dereference,Local,Medium,5.9,CVSS:3.1/AV:L/AC:L/PR:N/UI:N/S:U/C:L/I:L/A:L,SC9863A/SC9832E/SC7731E/T610/T310/T606/T760/T610/T618/T606/T612/T616/T760/T770/T820/S8000,Android10/Android11/Android12,2023-06-03,https://www.unisoc.com/en/support/product-security-bulletin/1664817035017781250
CVE-2022-48445,NULL Pointer Dereference in telephony service,"In telephony service, there is a possible missing permission check. This could lead to local denial of service with no additional execution privileges.",Android,CWE-476 NULL Pointer Dereference,Local,Medium,5.9,CVSS:3.1/AV:L/AC:L/PR:N/UI:N/S:U/C:L/I:L/A:L,SC9863A/SC9832E/SC7731E/T610/T310/T606/T760/T610/T618/T606/T612/T616/T760/T770/T820/S8000,Android10/Android11/Android12,2023-06-03,https://www.unisoc.com/en/support/product-security-bulletin/1664817035017781250
CVE-2022-48446,NULL Pointer Dereference in telephony service,"In telephony service, there is a possible missing permission check. This could lead to local denial of service with no additional execution privileges.",Android,CWE-476 NULL Pointer Dereference,Local,Medium,5.9,CVSS:3.1/AV:L/AC:L/PR:N/UI:N/S:U/C:L/I:L/A:L,SC9863A/SC9832E/SC7731E/T610/T310/T606/T760/T610/T618/T606/T612/T616/T760/T770/T820/S8000,Android10/Android11/Android12,2023-06-03,https://www.unisoc.com/en/support/product-security-bulletin/1664817035017781250
CVE-2022-48447,NULL Pointer Dereference in telephony service,"In telephony service, there is a possible missing permission check. This could lead to local denial of service with no additional execution privileges.",Android,CWE-476 NULL Pointer Dereference,Local,Medium,5.9,CVSS:3.1/AV:L/AC:L/PR:N/UI:N/S:U/C:L/I:L/A:L,SC9863A/SC9832E/SC7731E/T610/T310/T606/T760/T610/T618/T606/T612/T616/T760/T770/T820/S8000,Android10/Android11/Android12,2023-06-03,https://www.unisoc.com/en/support/product-security-bulletin/1664817035017781250
CVE-2022-48448,NULL Pointer Dereference in telephony service,"In telephony service, there is a possible missing permission check. This could lead to local denial of service with no additional execution privileges.",Android,CWE-476 NULL Pointer Dereference,Local,Medium,5.9,CVSS:3.1/AV:L/AC:L/PR:N/UI:N/S:U/C:L/I:L/A:L,SC9863A/SC9832E/SC7731E/T610/T310/T606/T760/T610/T618/T606/T612/T616/T760/T770/T820/S8000,Android10/Android11/Android12,2023-06-03,https://www.unisoc.com/en/support/product-security-bulletin/1664817035017781250
CVE-2023-30863,Missing Authorization in Connectivity Service,"In Connectivity Service, there is a possible missing permission check. This could lead to local escalation of privilege with no additional execution privileges.",Android,CWE-862 Missing Authorization,Local,Medium,6.2,CVSS:3.1/AV:L/AC:L/PR:N/UI:N/S:U/C:H/I:N/A:N,SC9863A/SC9832E/SC7731E/T610/T310/T606/T760/T610/T618/T606/T612/T616/T760/T770/T820/S8000,Android10,2023-06-03,https://www.unisoc.com/en/support/product-security-bulletin/1664817035017781250
CVE-2023-30864,Missing Authorization in Connectivity Service,"In Connectivity Service, there is a possible missing permission check. This could lead to local escalation of privilege with no additional execution privileges.",Android,CWE-862 Missing Authorization,Local,Medium,6.2,CVSS:3.1/AV:L/AC:L/PR:N/UI:N/S:U/C:H/I:N/A:N,SC9863A/SC9832E/SC7731E/T610/T310/T606/T760/T610/T618/T606/T612/T616/T760/T770/T820/S8000,Android10,2023-06-03,https://www.unisoc.com/en/support/product-security-bulletin/1664817035017781250
CVE-2023-30865,Missing Authorization in dialer service,"In dialer service, there is a missing permission check. This could lead to local information disclosure with no additional execution privileges needed.",Android,CWE-200 Information Disclosure,Local,Medium,4,CVSS:3.1/AV:L/AC:L/PR:N/UI:N/S:U/C:L/I:N/A:N,SC9863A/SC9832E/SC7731E/T610/T310/T606/T760/T610/T618/T606/T612/T616/T760/T770/T820/S8000,Android10/Android11/Android12/Android13,2023-06-03,https://www.unisoc.com/en/support/product-security-bulletin/1664817035017781250
CVE-2023-30866,Information disclosure in telephony service,"In telephony service, there is a missing permission check. This could lead to local information disclosure with no additional execution privileges needed.",Android,CWE-200 Information Disclosure,Local,Medium,4,CVSS:3.1/AV:L/AC:L/PR:N/UI:N/S:U/C:L/I:N/A:N,SC9863A/SC9832E/SC7731E/T610/T310/T606/T760/T610/T618/T606/T612/T616/T760/T770/T820/S8000,Android10,2023-06-03,https://www.unisoc.com/en/support/product-security-bulletin/1664817035017781250
CVE-2023-30914,Information disclosure in email service,"In email service, there is a missing permission check. This could lead to local information disclosure with no additional execution privileges needed.",Android,CWE-200 Information Disclosure,Local,Medium,5.9,CVSS:3.1/AV:L/AC:L/PR:N/UI:N/S:U/C:L/I:L/A:L,SC9863A/SC9832E/SC7731E/T610/T310/T606/T760/T610/T618/T606/T612/T616/T760/T770/T820/S8000,Android10/Android11/Android12,2023-06-03,https://www.unisoc.com/en/support/product-security-bulletin/1664817035017781250
CVE-2023-30915,Information disclosure in email service,"In email service, there is a missing permission check. This could lead to local information disclosure with no additional execution privileges needed.",Android,CWE-200 Information Disclosure,Local,Medium,5.9,CVSS:3.1/AV:L/AC:L/PR:N/UI:N/S:U/C:L/I:L/A:L,SC9863A/SC9832E/SC7731E/T610/T310/T606/T760/T610/T618/T606/T612/T616/T760/T770/T820/S8000,Android10/Android11/Android12,2023-06-03,https://www.unisoc.com/en/support/product-security-bulletin/1664817035017781250
CVE-2022-44419,Missing Verification of NAS Security Mode Command Replay Attacks in LTE,"In modem, there is a possible missing verification of NAS Security Mode Command Replay Attacks in LTE. This could local denial of service with no additional execution privileges.",Modem,CWE-400 Denial of Service,Network,Medium,4,CVSS:3.1/AV:N/AC:H/PR:N/UI:N/S:C/C:N/I:N/A:L,SC9863A/SC9832E/SC7731E/T610/T310/T606/T760/T610/T618/T606/T612/T616/T760/T770/T820/S8000,Android10/Android11/Android12/Android13,2023-05-06,https://www.unisoc.com/en/support/product-security-bulletin/1654759880499724289
CVE-2022-48232,Stack Overflow in FM service,"In FM service , there is a possible missing params check. This could lead to local denial of service in FM service .",Android,CWE-121 Stack Overflow,Local,Medium,4.4,CVSS:3.1/AV:L/AC:L/PR:H/UI:N/S:U/C:H/I:N/A:N,SC9863A/SC9832E/SC7731E/T610/T310/T606/T760/T610/T618/T606/T612/T616/T760/T770/T820/S8000,Android10/Android11/Android12/Android13,2023-05-06,https://www.unisoc.com/en/support/product-security-bulletin/1654759880499724289
CVE-2022-48233,Stack Overflow in FM service,"In FM service , there is a possible missing params check. This could lead to local denial of service in FM service .",Android,CWE-121 Stack Overflow,Local,Medium,4.4,CVSS:3.1/AV:L/AC:L/PR:H/UI:N/S:U/C:H/I:N/A:N,SC9863A/SC9832E/SC7731E/T610/T310/T606/T760/T610/T618/T606/T612/T616/T760/T770/T820/S8000,Android10/Android11/Android12/Android13,2023-05-06,https://www.unisoc.com/en/support/product-security-bulletin/1654759880499724289
CVE-2022-48234,Stack Overflow in FM service,"In FM service , there is a possible missing params check. This could lead to local denial of service in FM service .",Android,CWE-121 Stack Overflow,Local,Medium,4.4,CVSS:3.1/AV:L/AC:L/PR:H/UI:N/S:U/C:H/I:N/A:N,SC9863A/SC9832E/SC7731E/T610/T310/T606/T760/T610/T618/T606/T612/T616/T760/T770/T820/S8000,Android10/Android11/Android12/Android13,2023-05-06,https://www.unisoc.com/en/support/product-security-bulletin/1654759880499724289
CVE-2022-47490,Missing Authorization in Soter service,"In soter service, there is a possible missing permission check. This could lead to local denial of service with no additional execution privileges.",Android,CWE-862 Missing Authorization,Local,Medium,5.1,CVSS:3.1/AV:L/AC:L/PR:N/UI:N/S:U/C:N/I:L/A:L,SC9863A/SC9832E/SC7731E/T610/T310/T606/T760/T610/T618/T606/T612/T616/T760/T770/T820/S8000,Android10/Android11/Android12/Android13,2023-05-06,https://www.unisoc.com/en/support/product-security-bulletin/1654759880499724289
CVE-2022-47492,Missing Authorization in Soter service,"In soter service, there is a possible missing permission check. This could lead to local denial of service with no additional execution privileges.",Android,CWE-862 Missing Authorization,Local,Medium,5.1,CVSS:3.1/AV:L/AC:L/PR:N/UI:N/S:U/C:N/I:L/A:L,SC9863A/SC9832E/SC7731E/T610/T310/T606/T760/T610/T618/T606/T612/T616/T760/T770/T820/S8000,Android10/Android11/Android12/Android13,2023-05-06,https://www.unisoc.com/en/support/product-security-bulletin/1654759880499724289
CVE-2022-47493,Missing Authorization in Soter service,"In soter service, there is a possible missing permission check. This could lead to local denial of service with no additional execution privileges.",Android,CWE-862 Missing Authorization,Local,Medium,5.1,CVSS:3.1/AV:L/AC:L/PR:N/UI:N/S:U/C:N/I:L/A:L,SC9863A/SC9832E/SC7731E/T610/T310/T606/T760/T610/T618/T606/T612/T616/T760/T770/T820/S8000,Android10/Android11/Android12/Android13,2023-05-06,https://www.unisoc.com/en/support/product-security-bulletin/1654759880499724289
CVE-2022-48231,NULL Pointer Dereference in Soter service,"In soter service, there is a possible missing permission check. This could lead to local denial of service with no additional execution privileges.",Android,CWE-476 NULL Pointer Dereference,Local,Medium,5.1,CVSS:3.1/AV:L/AC:L/PR:N/UI:N/S:U/C:N/I:L/A:L,SC9863A/SC9832E/SC7731E/T610/T310/T606/T760/T610/T618/T606/T612/T616/T760/T770/T820/S8000,Android10/Android11/Android12/Android13,2023-05-06,https://www.unisoc.com/en/support/product-security-bulletin/1654759880499724289
CVE-2022-47489,Integer Overflow in Soter service,"In soter service, there is a possible out of bounds write due to a missing bounds check. This could lead to local denial of service with System execution privileges needed.",Android,CWE-190 Integer Overflow,Local,Medium,5.1,CVSS:3.1/AV:L/AC:L/PR:N/UI:N/S:U/C:N/I:L/A:L,SC9863A/SC9832E/SC7731E/T610/T310/T606/T760/T610/T618/T606/T612/T616/T760/T770/T820/S8000,Android10/Android11/Android12/Android13,2023-05-06,https://www.unisoc.com/en/support/product-security-bulletin/1654759880499724289
CVE-2022-47491,Classic Buffer Overflow in Soter service,"In soter service, there is a possible out of bounds write due to a missing bounds check. This could lead to local denial of service with System execution privileges needed.",Android,CWE-120 Classic Buffer Overflow,Local,Medium,5.1,CVSS:3.1/AV:L/AC:L/PR:N/UI:N/S:U/C:N/I:L/A:L,SC9863A/SC9832E/SC7731E/T610/T310/T606/T760/T610/T618/T606/T612/T616/T760/T770/T820/S8000,Android10/Android11/Android12/Android13,2023-05-06,https://www.unisoc.com/en/support/product-security-bulletin/1654759880499724289
CVE-2022-47494,Classic Buffer Overflow in Soter service,"In soter service, there is a possible out of bounds write due to a missing bounds check. This could lead to local denial of service with System execution privileges needed.",Android,CWE-120 Classic Buffer Overflow,Local,Medium,5.1,CVSS:3.1/AV:L/AC:L/PR:N/UI:N/S:U/C:N/I:L/A:L,SC9863A/SC9832E/SC7731E/T610/T310/T606/T760/T610/T618/T606/T612/T616/T760/T770/T820/S8000,Android10/Android11/Android12/Android13,2023-05-06,https://www.unisoc.com/en/support/product-security-bulletin/1654759880499724289
CVE-2022-47495,Classic Buffer Overflow in Soter service,"In soter service, there is a possible out of bounds write due to a missing bounds check. This could lead to local denial of service with System execution privileges needed.",Android,CWE-120 Classic Buffer Overflow,Local,Medium,5.1,CVSS:3.1/AV:L/AC:L/PR:N/UI:N/S:U/C:N/I:L/A:L,SC9863A/SC9832E/SC7731E/T610/T310/T606/T760/T610/T618/T606/T612/T616/T760/T770/T820/S8000,Android10/Android11/Android12/Android13,2023-05-06,https://www.unisoc.com/en/support/product-security-bulletin/1654759880499724289
CVE-2022-47496,Classic Buffer Overflow in Soter service,"In soter service, there is a possible out of bounds write due to a missing bounds check. This could lead to local denial of service with System execution privileges needed.",Android,CWE-120 Classic Buffer Overflow,Local,Medium,5.1,CVSS:3.1/AV:L/AC:L/PR:N/UI:N/S:U/C:N/I:L/A:L,SC9863A/SC9832E/SC7731E/T610/T310/T606/T760/T610/T618/T606/T612/T616/T760/T770/T820/S8000,Android10/Android11/Android12/Android13,2023-05-06,https://www.unisoc.com/en/support/product-security-bulletin/1654759880499724289
CVE-2022-47497,Classic Buffer Overflow in Soter service,"In soter service, there is a possible out of bounds write due to a missing bounds check. This could lead to local denial of service with System execution privileges needed.",Android,CWE-120 Classic Buffer Overflow,Local,Medium,5.1,CVSS:3.1/AV:L/AC:L/PR:N/UI:N/S:U/C:N/I:L/A:L,SC9863A/SC9832E/SC7731E/T610/T310/T606/T760/T610/T618/T606/T612/T616/T760/T770/T820/S8000,Android10/Android11/Android12/Android13,2023-05-06,https://www.unisoc.com/en/support/product-security-bulletin/1654759880499724289
CVE-2022-47498,Classic Buffer Overflow in Soter service,"In soter service, there is a possible out of bounds write due to a missing bounds check. This could lead to local denial of service with System execution privileges needed.",Android,CWE-120 Classic Buffer Overflow,Local,Medium,5.1,CVSS:3.1/AV:L/AC:L/PR:N/UI:N/S:U/C:N/I:L/A:L,SC9863A/SC9832E/SC7731E/T610/T310/T606/T760/T610/T618/T606/T612/T616/T760/T770/T820/S8000,Android10/Android11/Android12/Android13,2023-05-06,https://www.unisoc.com/en/support/product-security-bulletin/1654759880499724289
CVE-2022-47499,Classic Buffer Overflow in Soter service,"In soter service, there is a possible out of bounds write due to a missing bounds check. This could lead to local denial of service with System execution privileges needed.",Android,CWE-120 Classic Buffer Overflow,Local,Medium,5.1,CVSS:3.1/AV:L/AC:L/PR:N/UI:N/S:U/C:N/I:L/A:L,SC9863A/SC9832E/SC7731E/T610/T310/T606/T760/T610/T618/T606/T612/T616/T760/T770/T820/S8000,Android10/Android11/Android12/Android13,2023-05-06,https://www.unisoc.com/en/support/product-security-bulletin/1654759880499724289
CVE-2022-48235,Out-of-bounds read in MP3 encoder,"In MP3 encoder, there is a possible out of bounds write due to a missing bounds check. This could lead to local denial of service with System execution privileges needed.",Android,CWE-125 Out-of-bounds Read,Local,Medium,4.4,CVSS:3.1/AV:L/AC:L/PR:N/UI:R/S:U/C:L/I:N/A:L,SC9863A/SC9832E/SC7731E/T610/T310/T606/T760/T610/T618/T606/T612/T616/T760/T770/T820/S8000,Android10/Android11/Android12/Android13,2023-05-06,https://www.unisoc.com/en/support/product-security-bulletin/1654759880499724289
CVE-2022-48236,Out-of-bounds read in MP3 encoder,"In MP3 encoder, there is a possible out of bounds read due to a missing bounds check. This could lead to local denial of service with System execution privileges needed.",Android,CWE-125 Out-of-bounds Read,Local,Medium,4.4,CVSS:3.1/AV:L/AC:L/PR:N/UI:R/S:U/C:L/I:N/A:L,SC9863A/SC9832E/SC7731E/T610/T310/T606/T760/T610/T618/T606/T612/T616/T760/T770/T820/S8000,Android10/Android11/Android12/Android13,2023-05-06,https://www.unisoc.com/en/support/product-security-bulletin/1654759880499724289
CVE-2022-48237,Classic Buffer Overflow in Image Filter,"In Image filter, there is a possible out of bounds write due to a missing bounds check. This could lead to local denial of service with System execution privileges needed.",Kernel,CWE-120 Classic Buffer Overflow,Local,Medium,4.4,CVSS:3.1/AV:L/AC:L/PR:N/UI:R/S:U/C:N/I:L/A:L,SC9863A/SC9832E/SC7731E/T610/T310/T606/T760/T610/T618/T606/T612/T616/T760/T770/T820/S8000,Android10/Android11/Android12/Android13,2023-05-06,https://www.unisoc.com/en/support/product-security-bulletin/1654759880499724289
CVE-2022-48238,Classic Buffer Overflow in Image Filter,"In Image filter, there is a possible out of bounds write due to a missing bounds check. This could lead to local denial of service with System execution privileges needed.",Kernel,CWE-125 Out-of-bounds Read,Local,Medium,4.4,CVSS:3.1/AV:L/AC:L/PR:N/UI:R/S:U/C:N/I:L/A:L,SC9863A/SC9832E/SC7731E/T610/T310/T606/T760/T610/T618/T606/T612/T616/T760/T770/T820/S8000,Android10/Android11/Android12/Android13,2023-05-06,https://www.unisoc.com/en/support/product-security-bulletin/1654759880499724289
CVE-2022-48240,Out-of-bounds Write in camera driver,"In camera driver, there is a possible out of bounds write due to a missing bounds check. This could lead to local denial of service with System execution privileges needed.",Kernel,CWE-787 Out-of-bounds Write,Local,Medium,4.4,CVSS:3.1/AV:L/AC:L/PR:H/UI:N/S:U/C:N/I:N/A:H,SC9863A/SC9832E/SC7731E/T610/T310/T606/T760/T610/T618/T606/T612/T616/T760/T770/T820/S8000,Android10/Android11/Android12/Android13,2023-05-06,https://www.unisoc.com/en/support/product-security-bulletin/1654759880499724289
CVE-2022-48241,NULL Pointer Dereference in telephony service,"In telephony service, there is a possible missing permission check. This could lead to local denial of service with no additional execution privileges.",Android,CWE-476 NULL Pointer Dereference,Local,Medium,4,CVSS:3.1/AV:L/AC:L/PR:N/UI:N/S:U/C:L/I:N/A:N,SC9863A/SC9832E/SC7731E/T610/T310/T606/T760/T610/T618/T606/T612/T616/T760/T770/T820/S8000,Android10/Android11/Android12,2023-05-06,https://www.unisoc.com/en/support/product-security-bulletin/1654759880499724289
CVE-2022-48242,Information Disclosure in telephony service,"In telephony service, there is a possible missing permission check. This could lead to local information disclosure with no additional execution privileges.",Android,CWE-200 Information Disclosure,Local,Medium,4,CVSS:3.1/AV:L/AC:L/PR:N/UI:N/S:U/C:L/I:N/A:N,SC9863A/SC9832E/SC7731E/T610/T310/T606/T760/T610/T618/T606/T612/T616/T760/T770/T820/S8000,Android10/Android11/Android12,2023-05-06,https://www.unisoc.com/en/support/product-security-bulletin/1654759880499724289
CVE-2022-48243,Missing Authorization in audio service,"In audio service, there is a possible missing permission check. This could lead to local escalation of privilege with no additional execution privileges.",Audio,CWE-862 Missing Authorization,Local,Medium,6.2,CVSS:3.1/AV:L/AC:L/PR:N/UI:N/S:U/C:N/I:N/A:H,SC9863A/SC9832E/SC7731E/T610/T310/T606/T760/T610/T618/T606/T612/T616/T760/T770/T820/S8000,Android10/Android11/Android12/Android13,2023-05-06,https://www.unisoc.com/en/support/product-security-bulletin/1654759880499724289
CVE-2022-48244,Missing Authorization in audio service,"In audio service, there is a possible missing permission check. This could lead to local escalation of privilege with no additional execution privileges.",Audio,CWE-862 Missing Authorization,Local,Medium,6.2,CVSS:3.1/AV:L/AC:L/PR:N/UI:N/S:U/C:N/I:N/A:H,SC9863A/SC9832E/SC7731E/T610/T310/T606/T760/T610/T618/T606/T612/T616/T760/T770/T820/S8000,Android10/Android11/Android12/Android13,2023-05-06,https://www.unisoc.com/en/support/product-security-bulletin/1654759880499724289
CVE-2022-48245,Missing Authorization in audio service,"In audio service, there is a possible missing permission check. This could lead to local escalation of privilege with no additional execution privileges.",Audio,CWE-862 Missing Authorization,Local,Medium,6.2,CVSS:3.1/AV:L/AC:L/PR:N/UI:N/S:U/C:N/I:N/A:H,SC9863A/SC9832E/SC7731E/T610/T310/T606/T760/T610/T618/T606/T612/T616/T760/T770/T820/S8000,Android10/Android11/Android12/Android13,2023-05-06,https://www.unisoc.com/en/support/product-security-bulletin/1654759880499724289
CVE-2022-48246,Missing Authorization in audio service,"In audio service, there is a possible missing permission check. This could lead to local escalation of privilege with no additional execution privileges.",Audio,CWE-862 Missing Authorization,Local,Medium,6.2,CVSS:3.1/AV:L/AC:L/PR:N/UI:N/S:U/C:N/I:N/A:H,SC9863A/SC9832E/SC7731E/T610/T310/T606/T760/T610/T618/T606/T612/T616/T760/T770/T820/S8000,Android10/Android11/Android12/Android13,2023-05-06,https://www.unisoc.com/en/support/product-security-bulletin/1654759880499724289
CVE-2022-48247,Missing Authorization in audio service,"In audio service, there is a possible missing permission check. This could lead to local escalation of privilege with no additional execution privileges.",Audio,CWE-862 Missing Authorization,Local,Medium,6.2,CVSS:3.1/AV:L/AC:L/PR:N/UI:N/S:U/C:N/I:N/A:H,SC9863A/SC9832E/SC7731E/T610/T310/T606/T760/T610/T618/T606/T612/T616/T760/T770/T820/S8000,Android10/Android11/Android12/Android13,2023-05-06,https://www.unisoc.com/en/support/product-security-bulletin/1654759880499724289
CVE-2022-48248,Missing Authorization in audio service,"In audio service, there is a possible missing permission check. This could lead to local escalation of privilege with no additional execution privileges.",Audio,CWE-862 Missing Authorization,Local,Medium,6.2,CVSS:3.1/AV:L/AC:L/PR:N/UI:N/S:U/C:N/I:N/A:H,SC9863A/SC9832E/SC7731E/T610/T310/T606/T760/T610/T618/T606/T612/T616/T760/T770/T820/S8000,Android10/Android11/Android12/Android13,2023-05-06,https://www.unisoc.com/en/support/product-security-bulletin/1654759880499724289
CVE-2022-48249,Missing Authorization in audio service,"In audio service, there is a possible missing permission check. This could lead to local escalation of privilege with no additional execution privileges.",Audio,CWE-862 Missing Authorization,Local,Medium,4,CVSS:3.1/AV:L/AC:L/PR:N/UI:N/S:U/C:N/I:N/A:L,SC9863A/SC9832E/SC7731E/T610/T310/T606/T760/T610/T618/T606/T612/T616/T760/T770/T820/S8000,Android10/Android11/Android12/Android13,2023-05-06,https://www.unisoc.com/en/support/product-security-bulletin/1654759880499724289
CVE-2022-48250,Missing Authorization in audio service,"In audio service, there is a possible missing permission check. This could lead to local escalation of privilege with no additional execution privileges.",Audio,CWE-862 Missing Authorization,Local,Medium,4,CVSS:3.1/AV:L/AC:L/PR:N/UI:N/S:U/C:N/I:N/A:L,SC9863A/SC9832E/SC7731E/T610/T310/T606/T760/T610/T618/T606/T612/T616/T760/T770/T820/S8000,Android10/Android11/Android12/Android13,2023-05-06,https://www.unisoc.com/en/support/product-security-bulletin/1654759880499724289
CVE-2022-48368,Missing Authorization in audio service,"In audio service, there is a possible missing permission check. This could lead to local escalation of privilege with no additional execution privileges.",Audio,CWE-862 Missing Authorization,Local,Medium,4,CVSS:3.1/AV:L/AC:L/PR:N/UI:N/S:U/C:N/I:N/A:L,SC9863A/SC9832E/SC7731E/T610/T310/T606/T760/T610/T618/T606/T612/T616/T760/T770/T820/S8000,Android10/Android11/Android12/Android13,2023-05-06,https://www.unisoc.com/en/support/product-security-bulletin/1654759880499724289
CVE-2022-48369,Missing Authorization in audio service,"In audio service, there is a possible missing permission check. This could lead to local escalation of privilege with no additional execution privileges.",Audio,CWE-862 Missing Authorization,Local,Medium,4,CVSS:3.1/AV:L/AC:L/PR:N/UI:N/S:U/C:N/I:N/A:L,SC9863A/SC9832E/SC7731E/T610/T310/T606/T760/T610/T618/T606/T612/T616/T760/T770/T820/S8000,Android10/Android11/Android12/Android13,2023-05-06,https://www.unisoc.com/en/support/product-security-bulletin/1654759880499724289
CVE-2022-48370,Information Disclosure in dialer service,"In dialer service, there is a possible missing permission check. This could lead to local information disclosure with no additional execution privileges.",Android,CWE-200 Information Disclosure,Local,Medium,6.2,CVSS:3.1/AV:L/AC:L/PR:N/UI:N/S:U/C:H/I:N/A:N,SC9863A/SC9832E/SC7731E/T610/T310/T606/T760/T610/T618/T606/T612/T616/T760/T770/T820/S8000,Android10/Android11/Android12/Android13,2023-05-06,https://www.unisoc.com/en/support/product-security-bulletin/1654759880499724289
CVE-2022-48371,Information Disclosure in dialer service,"In dialer service, there is a possible missing permission check. This could lead to local information disclosure with no additional execution privileges.",Android,CWE-200 Information Disclosure,Local,Medium,6.2,CVSS:3.1/AV:L/AC:L/PR:N/UI:N/S:U/C:H/I:N/A:N,SC9863A/SC9832E/SC7731E/T610/T310/T606/T760/T610/T618/T606/T612/T616/T760/T770/T820/S8000,Android10/Android11/Android12/Android13,2023-05-06,https://www.unisoc.com/en/support/product-security-bulletin/1654759880499724289
CVE-2022-48372,Integer overflow issue in bootcp service,"In bootcp service, there is a possible out of bounds write due to a missing bounds check. This could lead to local denial of service with System execution privileges needed.",Android,CWE-190 Integer Overflow,Local,Medium,5.1,CVSS:3.1/AV:L/AC:L/PR:H/UI:N/S:U/C:N/I:L/A:H,SC9863A/SC9832E/SC7731E/T610/T310/T606/T760/T610/T618/T606/T612/T616/T760/T770/T820/S8000,Android10/Android11/Android12/Android13,2023-05-06,https://www.unisoc.com/en/support/product-security-bulletin/1654759880499724289
CVE-2022-48373,Integer overflow issue in tee service,"In tee service, there is a possible out of bounds write due to a missing bounds check. This could lead to local denial of service with System execution privileges needed.",Android,CWE-190 Integer Overflow,Local,Medium,4.2,CVSS:3.1/AV:L/AC:L/PR:H/UI:N/S:U/C:L/I:L/A:L,SC9863A/SC9832E/SC7731E/T610/T310/T606/T760/T610/T618/T606/T612/T616/T760/T770/T820/S8000,Android10/Android11/Android12/Android13,2023-05-06,https://www.unisoc.com/en/support/product-security-bulletin/1654759880499724289
CVE-2022-48374,Integer overflow issue in tee service,"In tee service, there is a possible out of bounds write due to a missing bounds check. This could lead to local denial of service with System execution privileges needed.",Android,CWE-190 Integer Overflow,Local,Medium,4.2,CVSS:3.1/AV:L/AC:L/PR:H/UI:N/S:U/C:L/I:L/A:L,SC9863A/SC9832E/SC7731E/T610/T310/T606/T760/T610/T618/T606/T612/T616/T760/T770/T820/S8000,Android10/Android11/Android12/Android13,2023-05-06,https://www.unisoc.com/en/support/product-security-bulletin/1654759880499724289
CVE-2022-48375,Missing Authorization in Contacts service,"In contacts service, there is a possible missing permission check. This could lead to local denial of service with no additional execution privileges.",Android,CWE-862 Missing Authorization,Local,Medium,4.4,CVSS:3.1/AV:L/AC:L/PR:N/UI:R/S:U/C:L/I:L/A:N,SC9863A/SC9832E/SC7731E/T610/T310/T606/T760/T610/T618/T606/T612/T616/T760/T770/T820/S8000,Android10/Android11/Android12,2023-05-06,https://www.unisoc.com/en/support/product-security-bulletin/1654759880499724289
CVE-2022-48376,Denial of Service in dialer,"In dialer service, there is a possible missing permission check. This could lead to local denial of service with no additional execution privileges.",Android,CWE-862 Missing Authorization,Local,Medium,6.2,CVSS:3.1/AV:L/AC:H/PR:N/UI:N/S:U/C:L/I:L/A:H,SC9863A/SC9832E/SC7731E/T610/T310/T606/T760/T610/T618/T606/T612/T616/T760/T770/T820/S8000,Android10/Android11/Android12/Android13,2023-05-06,https://www.unisoc.com/en/support/product-security-bulletin/1654759880499724289
CVE-2022-48377,Denial of Service in dialer,"In dialer service, there is a possible missing permission check. This could lead to local denial of service with no additional execution privileges.",Android,CWE-862 Missing Authorization,Local,Medium,6.2,CVSS:3.1/AV:L/AC:H/PR:N/UI:N/S:U/C:L/I:L/A:H,SC9863A/SC9832E/SC7731E/T610/T310/T606/T760/T610/T618/T606/T612/T616/T760/T770/T820/S8000,Android10/Android11/Android12/Android13,2023-05-06,https://www.unisoc.com/en/support/product-security-bulletin/1654759880499724289
CVE-2022-48378,Missing Authorization in Engineermode service,"In engineermode service, there is a possible missing permission check. This could lead to local denial of service with no additional execution privileges.",Android,CWE-862 Missing Authorization,Local,Medium,4,CVSS:3.1/AV:L/AC:L/PR:N/UI:N/S:U/C:N/I:L/A:N,SC9863A/SC9832E/SC7731E/T610/T310/T606/T760/T610/T618/T606/T612/T616/T760/T770/T820/S8000,Android10/Android11,2023-05-06,https://www.unisoc.com/en/support/product-security-bulletin/1654759880499724289
CVE-2022-48379,NULL Pointer Dereference in dialer,"In dialer service, there is a possible missing permission check. This could lead to local denial of service with no additional execution privileges.",Android,CWE-476 NULL Pointer Dereference,Local,Medium,4,CVSS:3.1/AV:L/AC:L/PR:N/UI:N/S:U/C:N/I:N/A:L,SC9863A/SC9832E/SC7731E/T610/T310/T606/T760/T610/T618/T606/T612/T616/T760/T770/T820/S8000,Android10/Android11/Android12/Android13,2023-05-06,https://www.unisoc.com/en/support/product-security-bulletin/1654759880499724289
CVE-2022-47340,Stack Overflow in video decoder firmware,"In h265 codec firmware, there is a possible out of bounds write due to a missing bounds check. This could lead to local denial of service with no additional execution privileges.",Android,CWE-121 Out-of-bounds write,Local,Medium,6.5,CVSS:3.1/AV:N/AC:L/PR:N/UI:R/S:U/C:N/I:N/A:H,SC9863A/SC9832E/SC7731E/T610/T310/T606/T760/T610/T618/T606/T612/T616/T760/T770/T820/S8000,Android10/Android11/Android12,2023-05-06,https://www.unisoc.com/en/support/product-security-bulletin/1654759880499724289
CVE-2022-48380,Denial of Service in modem control device,"In modem control device, there is a possible out of bounds write due to a missing bounds check. This could lead to local denial of service with System execution privileges needed.",Kernel,CWE-400 Denial of Service,Local,Medium,6.1,CVSS:3.1/AV:L/AC:L/PR:L/UI:R/S:U/C:L/I:L/A:H,SC9863A/SC9832E/SC7731E/T610/T310/T606/T760/T610/T618/T606/T612/T616/T760/T770/T820/S8000,Android10,2023-05-06,https://www.unisoc.com/en/support/product-security-bulletin/1654759880499724289
CVE-2022-48381,Denial of Service in modem control device,"In modem control device, there is a possible out of bounds write due to a missing bounds check. This could lead to local denial of service with System execution privileges needed.",Kernel,CWE-400 Denial of Service,Local,Medium,6.1,CVSS:3.1/AV:L/AC:L/PR:L/UI:R/S:U/C:L/I:L/A:H,SC9863A/SC9832E/SC7731E/T610/T310/T606/T760/T610/T618/T606/T612/T616/T760/T770/T820/S8000,Android10,2023-05-06,https://www.unisoc.com/en/support/product-security-bulletin/1654759880499724289
CVE-2022-48382,Classic Buffer Overflow in log service has buffer overflow issue,"In log service, there is a possible out of bounds write due to a missing bounds check. This could lead to local denial of service with System execution privileges needed.",Android,CWE-120 Classic Buffer Overflow,Local,Medium,4,CVSS:3.1/AV:L/AC:H/PR:H/UI:R/S:U/C:N/I:N/A:H,SC9863A/SC9832E/SC7731E/T610/T310/T606/T760/T610/T618/T606/T612/T616/T760/T770/T820/S8000,Android10/Android11/Android12/Android13,2023-05-06,https://www.unisoc.com/en/support/product-security-bulletin/1654759880499724289
CVE-2022-48383,Missing Authorization in srtd service,".In srtd service, there is a possible missing permission check. This could lead to local escalation of privilege with no additional execution privileges.",Android,CWE-862 Missing Authorization,Local,Medium,4,CVSS:3.1/AV:L/AC:H/PR:H/UI:R/S:U/C:N/I:N/A:H,SC9863A/SC9832E/SC7731E/T610/T310/T606/T760/T610/T618/T606/T612/T616/T760/T770/T820/S8000,Android10/Android11/Android12/Android13,2023-05-06,https://www.unisoc.com/en/support/product-security-bulletin/1654759880499724289
CVE-2022-48384,Missing Authorization in srtd service,"In srtd service, there is a possible missing permission check. This could lead to local escalation of privilege with no additional execution privileges.",Android,CWE-862 Missing Authorization,Local,Medium,4,CVSS:3.1/AV:L/AC:H/PR:H/UI:R/S:U/C:N/I:N/A:H,SC9863A/SC9832E/SC7731E/T610/T310/T606/T760/T610/T618/T606/T612/T616/T760/T770/T820/S8000,Android10/Android11/Android12/Android13,2023-05-06,https://www.unisoc.com/en/support/product-security-bulletin/1654759880499724289
CVE-2022-48386,Double Free in apipe driver,"the apipe driver, there is a possible use after free due to a logic error. This could lead to local denial of service with System execution privileges needed.",Android,CWE-415 Double Free,Local,Medium,5,CVSS:3.1/AV:L/AC:H/PR:H/UI:N/S:C/C:L/I:L/A:L,SC9863A/SC9832E/SC7731E/T610/T310/T606/T760/T610/T618/T606/T612/T616/T760/T770/T820/S8000,Android11/Android12,2023-05-06,https://www.unisoc.com/en/support/product-security-bulletin/1654759880499724289
CVE-2022-48387,Out-of-bounds Write in apipe driver,"the apipe driver, there is a possible out of bounds write due to a missing bounds check. This could lead to local denial of service with System execution privileges needed.",Android,CWE-787 Out-of-bounds Write,Local,Medium,5,CVSS:3.1/AV:L/AC:H/PR:H/UI:N/S:C/C:L/I:L/A:L,SC9863A/SC9832E/SC7731E/T610/T310/T606/T760/T610/T618/T606/T612/T616/T760/T770/T820/S8000,Android11/Android12,2023-05-06,https://www.unisoc.com/en/support/product-security-bulletin/1654759880499724289
CVE-2022-38685,Denial of service in bluetooth service,"In bluetooth service, there is a possible missing permission check. This could lead to local denial of service in bluetooth service with no additional execution privileges needed.",Android,CWE-400 Uncontrolled Resource Consumption,Local,Medium,5.5,CVSS:3.1/AV:L/AC:L/PR:N/UI:R/S:U/C:N/I:N/A:H,SC9863A/SC9832E/SC7731E/T610/T310/T606/T760/T610/T618/T606/T612/T616/T760/T770/T820/S8000,Android10/Android11/Android12,2023-05-06,https://www.unisoc.com/en/support/product-security-bulletin/1654759880499724289
CVE-2022-39089,Classic Buffer Overflow in mlog service,"In mlog service, there is a possible out of bounds read due to a missing bounds check. This could lead to local denial of service with System execution privileges needed.",Android,CWE-120 Classic Buffer Overflow,Local,Medium,4.2,CVSS:3.1/AV:L/AC:L/PR:H/UI:N/S:U/C:L/I:L/A:L,SC9863A/SC9832E/SC7731E/T610/T310/T606/T760/T610/T618/T606/T612/T616/T760/T770/T820/S8000,Android10/Android11,2023-05-06,https://www.unisoc.com/en/support/product-security-bulletin/1654759880499724289
CVE-2022-48388,Missing Authorization PowerEx service,"In powerEx service, there is a possible missing permission check. This could lead to local escalation of privilege with no additional execution privileges.",Android,CWE-862 Missing Authorization,Local,Medium,4.4,CVSS:3.1/AV:L/AC:L/PR:H/UI:N/S:U/C:N/I:N/A:H,SC9863A/SC9832E/SC7731E/T610/T310/T606/T760/T610/T618/T606/T612/T616/T760/T770/T820/S8000,Android10/Android11/Android12/Android13,2023-05-06,https://www.unisoc.com/en/support/product-security-bulletin/1654759880499724289
CVE-2022-44433,Missing Authorization PhoneEx service,"In phoneEx service, there is a possible missing permission check. This could lead to local escalation of privilege with no additional execution privileges.",Android,CWE-862 Missing Authorization,Local,Medium,4.4,CVSS:3.1/AV:L/AC:L/PR:N/UI:R/S:U/C:L/I:L/A:N,SC9863A/SC9832E/SC7731E/T610/T310/T606/T760/T610/T618/T606/T612/T616/T760/T770/T820/S8000,Android10,2023-05-06,https://www.unisoc.com/en/support/product-security-bulletin/1654759880499724289
CVE-2022-48389,Stack Overflow in modem control device,"In modem control device, there is a possible out of bounds write due to a missing bounds check. This could lead to local denial of service with System execution privileges needed.",Kernel,CWE-121 Stack Overflow,Local,Medium,6.1,CVSS:3.1/AV:L/AC:L/PR:L/UI:R/S:U/C:L/I:L/A:H,SC9863A/SC9832E/SC7731E/T610/T310/T606/T760/T610/T618/T606/T612/T616/T760/T770/T820/S8000,Android10,2023-05-06,https://www.unisoc.com/en/support/product-security-bulletin/1654759880499724289
CVE-2022-47334,Out-of-bounds Read in phasecheck server,"In phasecheck server, there is a possible out of bounds read due to a missing bounds check. This could lead to local denial of service with System execution privileges needed.",Android,CWE-125 Out-of-bounds Read,Local,Medium,4.2,CVSS:3.1/AV:L/AC:L/PR:H/UI:N/S:U/C:L/I:L/A:L,SC9863A/SC9832E/SC7731E/T610/T310/T606/T760/T610/T618/T606/T612/T616/T760/T770/T820/S8000,Android10/Android11/Android12,2023-05-06,https://www.unisoc.com/en/support/product-security-bulletin/1654759880499724289
CVE-2022-47485,Stack Overflow in phasecheck server,"In modem control device, there is a possible out of bounds write due to a missing bounds check. This could lead to local denial of service with System execution privileges needed.",Android,CWE-121 Stack Overflow,Local,Medium,4.2,CVSS:3.1/AV:L/AC:L/PR:H/UI:N/S:U/C:L/I:L/A:L,SC9863A/SC9832E/SC7731E/T610/T310/T606/T760/T610/T618/T606/T612/T616/T760/T770/T820/S8000,Android10/Android11/Android12,2023-05-06,https://www.unisoc.com/en/support/product-security-bulletin/1654759880499724289
CVE-2022-47469,Out-of-bounds Write read in ext4fsfilter driver,"In ext4fsfilter driver, there is a possible out of bounds read due to a missing bounds check. This could local denial of service with System execution privileges needed.",Kernel,CWE-787 Out-of-bounds Write,Local,High,7.2,CVSS:3.1/AV:L/AC:H/PR:H/UI:R/S:C/C:H/I:H/A:L,SC9863A/SC9832E/SC7731E/T610/T310/T606/T760/T610/T618/T606/T612/T616/T760/T770/T820/S8000,Android10/Android11,2023-05-06,https://www.unisoc.com/en/support/product-security-bulletin/1654759880499724289
CVE-2022-47470,Stack Overflow in ext4fsfilter driver,"In ext4fsfilter driver, there is a possible out of bounds read due to a missing bounds check. This could local denial of service with System execution privileges needed.",Kernel,CWE-121 Stack Overflow,Local,High,7.2,CVSS:3.1/AV:L/AC:H/PR:H/UI:R/S:C/C:H/I:H/A:L,SC9863A/SC9832E/SC7731E/T610/T310/T606/T760/T610/T618/T606/T612/T616/T760/T770/T820/S8000,Android10/Android11,2023-05-06,https://www.unisoc.com/en/support/product-security-bulletin/1654759880499724289
CVE-2022-47486,Stack Overflow in ext4fsfilter driver,"In ext4fsfilter driver, there is a possible out of bounds read due to a missing bounds check. This could lead to local denial of service with System execution privileges needed.",Kernel,CWE-121 Stack Overflow,Local,High,7.2,CVSS:3.1/AV:L/AC:H/PR:H/UI:R/S:C/C:H/I:H/A:L,SC9863A/SC9832E/SC7731E/T610/T310/T606/T760/T610/T618/T606/T612/T616/T760/T770/T820/S8000,Android10/Android11,2023-05-06,https://www.unisoc.com/en/support/product-security-bulletin/1654759880499724289
CVE-2022-47487,Buffer overflow in thermal service,"In thermal service, there is a possible out of bounds write due to a missing bounds check. This could lead to local denial of service local denial of service with no additional execution privileges.",Android,CWE-120 Classic Buffer Overflow,Local,High,7.7,CVSS:3.1/AV:L/AC:L/PR:N/UI:R/S:C/C:L/I:H/A:L,SC9863A/SC9832E/SC7731E/T610/T310/T606/T760/T610/T618/T606/T612/T616/T760/T770/T820/S8000,Android10/Android11/Android12/Android13,2023-05-06,https://www.unisoc.com/en/support/product-security-bulletin/1654759880499724289
CVE-2022-47488,Improper Restriction of Operations within the Bounds of a Memory Buffer in spipe drive,"In spipe drive, there is a possible out of bounds write due to a missing bounds check. This could lead to local denial of service with System execution privileges needed.",Kernel,CWE-119 Improper Restriction of Operations within the Bounds of a Memory Buffer,Local,High,7.1,CVSS:3.1/AV:L/AC:L/PR:L/UI:N/S:U/C:N/I:H/A:H,SC9863A/SC9832E/SC7731E/T610/T310/T606/T760/T610/T618/T606/T612/T616/T760/T770/T820/S8000,Android10/Android11/Android12/Android13,2023-05-06,https://www.unisoc.com/en/support/product-security-bulletin/1654759880499724289
CVE-2022-47335,Buffer Copy without Checking Size of Input ('Classic Buffer Overflow') in Telecom service,"In telecom service, there is a missing permission check. This could lead to local denial of service in telecom service.",Android,CWE-120 Buffer Copy without Checking Size of Input,Local,High,8.2,CVSS:3.1/AV:L/AC:L/PR:H/UI:N/S:C/C:H/I:H/A:H,SC9863A/SC9832E/SC7731E/T610/T310/T606/T760/T610/T618/T606/T612/T616/T760/T770/T820/S8000,Android10/Android11/Android12/Android13,2023-04-11,https://www.unisoc.com/en/support/product-security-bulletin/1643967633009213442
CVE-2022-47336,Buffer Copy without Checking Size of Input ('Classic Buffer Overflow') in Telecom service,"In telecom service, there is a missing permission check. This could lead to local denial of service in telecom service.",Android,CWE-120 Buffer Copy without Checking Size of Input,Local,High,8.2,CVSS:3.1/AV:L/AC:L/PR:H/UI:N/S:C/C:H/I:H/A:H,SC9863A/SC9832E/SC7731E/T610/T310/T606/T760/T610/T618/T606/T612/T616/T760/T770/T820/S8000,Android10/Android11/Android12/Android13,2023-04-11,https://www.unisoc.com/en/support/product-security-bulletin/1643967633009213442
CVE-2022-47337,Out-of-bounds Write in Media service,"In media service, there is a missing permission check. This could lead to local denial of service in media service.",Android,CWE-787 Out-of-bounds Write,Local,High,7.3,CVSS:3.1/AV:L/AC:L/PR:L/UI:R/S:C/C:L/I:H/A:L,SC9863A/SC9832E/SC7731E/T610/T310/T606/T760/T610/T618/T606/T612/T616/T760/T770/T820/S8000,Android10/Android11/Android12/Android13,2023-04-11,https://www.unisoc.com/en/support/product-security-bulletin/1643967633009213442
CVE-2022-47338,Exposure of Sensitive Information to an Unauthorized Actor in email service,"In telecom service, there is a missing permission check. This could lead to local denial of service in telecom service.",Android,CWE-200 Exposure of Sensitive Information to an Unauthorized Act,Local,High,7.3,CVSS:3.1/AV:L/AC:L/PR:N/UI:N/S:U/C:L/I:L/A:H,SC9863A/SC9832E/SC7731E/T610/T310/T606/T760/T610/T618/T606/T612/T616/T760/T770/T820/S8000,Android10/Android11,2023-04-11,https://www.unisoc.com/en/support/product-security-bulletin/1643967633009213442
CVE-2022-47362,Buffer Copy without Checking Size of Input ('Classic Buffer Overflow') in Telecom service,"In telecom service, there is a missing permission check. This could lead to local denial of service in telecom service.",Android,CWE-120 Buffer Copy without Checking Size of Input,Local,Medium,4.2,CVSS:3.1/AV:L/AC:L/PR:H/UI:N/S:U/C:L/I:L/A:L,SC9863A/SC9832E/SC7731E/T610/T310/T606/T760/T610/T618/T606/T612/T616/T760/T770/T820/S8000,Android10/Android11/Android12/Android13,2023-04-11,https://www.unisoc.com/en/support/product-security-bulletin/1643967633009213442
CVE-2022-47463,Buffer Copy without Checking Size of Input ('Classic Buffer Overflow') in in Vdsp service,"In telecom service, there is a missing permission check. This could lead to local denial of service in telecom service.",Android,CWE-120 Buffer Copy without Checking Size of Input,Local,Medium,4.4,CVSS:3.1/AV:L/AC:L/PR:L/UI:N/S:U/C:N/I:L/A:L,SC9863A/SC9832E/SC7731E/T610/T310/T606/T760/T610/T618/T606/T612/T616/T760/T770/T820/S8000,Android10/Android11/Android12/Android13,2023-04-11,https://www.unisoc.com/en/support/product-security-bulletin/1643967633009213442
CVE-2022-47464,Buffer Copy without Checking Size of Input ('Classic Buffer Overflow') in in Vdsp service,"In telecom service, there is a missing permission check. This could lead to local denial of service in telecom service.",Android,CWE-120 Buffer Copy without Checking Size of Input,Local,Medium,4.4,CVSS:3.1/AV:L/AC:L/PR:L/UI:N/S:U/C:N/I:L/A:L,SC9863A/SC9832E/SC7731E/T610/T310/T606/T760/T610/T618/T606/T612/T616/T760/T770/T820/S8000,Android10/Android11/Android12/Android13,2023-04-11,https://www.unisoc.com/en/support/product-security-bulletin/1643967633009213442
CVE-2022-47465,NULL Pointer Dereference in Vdsp service,"In vdsp service, there is a missing permission check. This could lead to local denial of service in vdsp service.",Android,CWE-476 NULL Pointer Dereference,Local,Medium,4.4,CVSS:3.1/AV:L/AC:L/PR:L/UI:N/S:U/C:N/I:L/A:L,SC9863A/SC9832E/SC7731E/T610/T310/T606/T760/T610/T618/T606/T612/T616/T760/T770/T820/S8000,Android10/Android11/Android12/Android13,2023-04-11,https://www.unisoc.com/en/support/product-security-bulletin/1643967633009213442
CVE-2022-47466,NULL Pointer Dereference in Telecom service,"In telecom service, there is a missing permission check. This could lead to local denial of service in telecom service.",Android,CWE-476 NULL Pointer Dereference,Local,Medium,4.4,CVSS:3.1/AV:L/AC:L/PR:L/UI:N/S:U/C:N/I:L/A:L,SC9863A/SC9832E/SC7731E/T610/T310/T606/T760/T610/T618/T606/T612/T616/T760/T770/T820/S8000,Android10/Android11,2023-04-11,https://www.unisoc.com/en/support/product-security-bulletin/1643967633009213442
CVE-2022-47467,NULL Pointer Dereference in Telecom service,"In telecom service, there is a missing permission check. This could lead to local denial of service in telecom service.",Android,CWE-476 NULL Pointer Dereference,Local,Medium,4.4,CVSS:3.1/AV:L/AC:L/PR:L/UI:N/S:U/C:N/I:L/A:L,SC9863A/SC9832E/SC7731E/T610/T310/T606/T760/T610/T618/T606/T612/T616/T760/T770/T820/S8000,Android10/Android11,2023-04-11,https://www.unisoc.com/en/support/product-security-bulletin/1643967633009213442
CVE-2022-47468,NULL Pointer Dereference in Telecom service,"In telecom service, there is a missing permission check. This could lead to local denial of service in telecom service.",Android,CWE-476 NULL Pointer Dereference,Local,Medium,4.4,CVSS:3.1/AV:L/AC:L/PR:L/UI:N/S:U/C:N/I:L/A:L,SC9863A/SC9832E/SC7731E/T610/T310/T606/T760/T610/T618/T606/T612/T616/T760/T770/T820/S8000,Android10/Android11,2023-04-11,https://www.unisoc.com/en/support/product-security-bulletin/1643967633009213442
CVE-2022-47472,Exposure of sensitive information to an Unauthorized Actor in setting service,"In telephony service, there is a missing permission check. This could lead to local information disclosure with no additional execution privileges needed.",Android,CWE-200 Information Disclosure,Local,Medium,5.9,CVSS:3.1/AV:L/AC:L/PR:N/UI:N/S:U/C:L/I:L/A:L,SC9863A/SC9832E/SC7731E/T610/T310/T606/T760/T610/T618/T606/T612/T616/T760/T770/T820/S8000,Android10/Android11,2023-03-06,https://www.unisoc.com/en/support/product-security-bulletin/1632611981389266946
CVE-2022-47473,Exposure of sensitive information to an Unauthorized Actor in telephone service,"In telephony service, there is a missing permission check. This could lead to local information disclosure with no additional execution privileges needed.",Android,CWE-200 Information Disclosure,Local,Medium,5.9,CVSS:3.1/AV:L/AC:L/PR:N/UI:N/S:U/C:L/I:L/A:L,SC9863A/SC9832E/SC7731E/T610/T310/T606/T760/T610/T618/T606/T612/T616/T760/T770/T820/S8000,Android10/Android11,2023-03-06,https://www.unisoc.com/en/support/product-security-bulletin/1632611981389266946
CVE-2022-47471,Exposure of sensitive information to an Unauthorized Actor in telephone service,"In telephony service, there is a missing permission check. This could lead to local information disclosure with no additional execution privileges needed.",Android,CWE-200 Information Disclosure,Local,Medium,5.9,CVSS:3.1/AV:L/AC:L/PR:N/UI:N/S:U/C:L/I:L/A:L,SC9863A/SC9832E/SC7731E/T610/T310/T606/T760/T610/T618/T606/T612/T616/T760/T770/T820/S8000,Android10/Android11,2023-03-06,https://www.unisoc.com/en/support/product-security-bulletin/1632611981389266946
CVE-2022-47474,Exposure of sensitive information to an Unauthorized Actor in telephone service,"In telephony service, there is a missing permission check. This could lead to local information disclosure with no additional execution privileges needed.",Android,CWE-200 Information Disclosure,Local,Medium,5.9,CVSS:3.1/AV:L/AC:L/PR:N/UI:N/S:U/C:L/I:L/A:L,SC9863A/SC9832E/SC7731E/T610/T310/T606/T760/T610/T618/T606/T612/T616/T760/T770/T820/S8000,Android10/Android11,2023-03-06,https://www.unisoc.com/en/support/product-security-bulletin/1632611981389266946
CVE-2022-47475,Exposure of sensitive information to an Unauthorized Actor in telephone service,"In telephony service, there is a missing permission check. This could lead to local information disclosure with no additional execution privileges needed.",Android,CWE-200 Information Disclosure,Local,Medium,5.9,CVSS:3.1/AV:L/AC:L/PR:N/UI:N/S:U/C:L/I:L/A:L,SC9863A/SC9832E/SC7731E/T610/T310/T606/T760/T610/T618/T606/T612/T616/T760/T770/T820/S8000,Android10/Android11,2023-03-06,https://www.unisoc.com/en/support/product-security-bulletin/1632611981389266946
CVE-2022-47476,Exposure of sensitive information to an Unauthorized Actor in telephone service,"In telephony service, there is a missing permission check. This could lead to local information disclosure with no additional execution privileges needed.",Android,CWE-200 Information Disclosure,Local,Medium,5.9,CVSS:3.1/AV:L/AC:L/PR:N/UI:N/S:U/C:L/I:L/A:L,SC9863A/SC9832E/SC7731E/T610/T310/T606/T760/T610/T618/T606/T612/T616/T760/T770/T820/S8000,Android10/Android11,2023-03-06,https://www.unisoc.com/en/support/product-security-bulletin/1632611981389266946
CVE-2022-47477,Exposure of sensitive information to an Unauthorized Actor in telephone service,"In telephony service, there is a missing permission check. This could lead to local information disclosure with no additional execution privileges needed.",Android,CWE-200 Information Disclosure,Local,Medium,5.9,CVSS:3.1/AV:L/AC:L/PR:N/UI:N/S:U/C:L/I:L/A:L,SC9863A/SC9832E/SC7731E/T610/T310/T606/T760/T610/T618/T606/T612/T616/T760/T770/T820/S8000,Android10/Android11,2023-03-06,https://www.unisoc.com/en/support/product-security-bulletin/1632611981389266946
CVE-2022-47478,Exposure of sensitive information to an Unauthorized Actor in telephone service,"In telephony service, there is a missing permission check. This could lead to local information disclosure with no additional execution privileges needed.",Android,CWE-200 Information Disclosure,Local,Medium,5.9,CVSS:3.1/AV:L/AC:L/PR:N/UI:N/S:U/C:L/I:L/A:L,SC9863A/SC9832E/SC7731E/T610/T310/T606/T760/T610/T618/T606/T612/T616/T760/T770/T820/S8000,Android10/Android11,2023-03-06,https://www.unisoc.com/en/support/product-security-bulletin/1632611981389266946
CVE-2022-47479,Exposure of sensitive information to an Unauthorized Actor in telephone service,"In telephony service, there is a missing permission check. This could lead to local information disclosure with no additional execution privileges needed.",Android,CWE-200 Information Disclosure,Local,Medium,5.9,CVSS:3.1/AV:L/AC:L/PR:N/UI:N/S:U/C:L/I:L/A:L,SC9863A/SC9832E/SC7731E/T610/T310/T606/T760/T610/T618/T606/T612/T616/T760/T770/T820/S8000,Android10/Android11,2023-03-06,https://www.unisoc.com/en/support/product-security-bulletin/1632611981389266946
CVE-2022-47480,NULL pointer dereference in telephone service,"In telephony service, there is a missing permission check. This could lead to local denial of service in telephone service with no additional execution privileges needed.",Android,CWE-862 Missing Authorization,Local,Medium,5.9,CVSS:3.1/AV:L/AC:L/PR:N/UI:N/S:U/C:L/I:L/A:L,SC9863A/SC9832E/SC7731E/T610/T310/T606/T760/T610/T618/T606/T612/T616/T760/T770/T820/S8000,Android10,2023-03-06,https://www.unisoc.com/en/support/product-security-bulletin/1632611981389266946
CVE-2022-47481,NULL pointer dereference in telephone service,"In telephony service, there is a missing permission check. This could lead to local denial of service in telephone service with no additional execution privileges needed.",Android,CWE-862 Missing Authorization,Local,Medium,5.9,CVSS:3.1/AV:L/AC:L/PR:N/UI:N/S:U/C:L/I:L/A:L,SC9863A/SC9832E/SC7731E/T610/T310/T606/T760/T610/T618/T606/T612/T616/T760/T770/T820/S8000,Android10,2023-03-06,https://www.unisoc.com/en/support/product-security-bulletin/1632611981389266946
CVE-2022-47482,NULL pointer dereference in telephone service,"In telephony service, there is a missing permission check. This could lead to local denial of service in telephone service with no additional execution privileges needed.",Android,CWE-862 Missing Authorization,Local,Medium,5.9,CVSS:3.1/AV:L/AC:L/PR:N/UI:N/S:U/C:L/I:L/A:L,SC9863A/SC9832E/SC7731E/T610/T310/T606/T760/T610/T618/T606/T612/T616/T760/T770/T820/S8000,Android10,2023-03-06,https://www.unisoc.com/en/support/product-security-bulletin/1632611981389266946
CVE-2022-47483,NULL pointer dereference in telephone service,"In telephony service, there is a missing permission check. This could lead to local denial of service in telephone service with no additional execution privileges needed.",Android,CWE-862 Missing Authorization,Local,Medium,5.9,CVSS:3.1/AV:L/AC:L/PR:N/UI:N/S:U/C:L/I:L/A:L,SC9863A/SC9832E/SC7731E/T610/T310/T606/T760/T610/T618/T606/T612/T616/T760/T770/T820/S8000,Android10,2023-03-06,https://www.unisoc.com/en/support/product-security-bulletin/1632611981389266946
CVE-2022-47484,NULL pointer dereference in telephone service,"In telephony service, there is a missing permission check. This could lead to local denial of service in telephone service with no additional execution privileges needed.",Android,CWE-862 Missing Authorization,Local,Medium,4,CVSS:3.1/AV:L/AC:L/PR:N/UI:N/S:U/C:N/I:L/A:N,SC9863A/SC9832E/SC7731E/T610/T310/T606/T760/T610/T618/T606/T612/T616/T760/T770/T820/S8000,Android10/Android11/Android12,2023-03-06,https://www.unisoc.com/en/support/product-security-bulletin/1632611981389266946
CVE-2022-47453,Classic buffer overflow in wcn service,"In wcn service, there is a possible missing params check. This could lead to local denial of service in wcn service.",Kerenl,CWE-119,local,Medium,5.2,CVSS:3.1/AV:L/AC:L/PR:H/UI:R/S:C/C:L/I:L/A:L,SC9863A/SC9832E/SC7731E/T610/T310/T606/T760/T610/T618/T606/T612/T616/T760/T770/T820/S8000,Android10/Android11/Android12,2023-03-06,https://www.unisoc.com/en/support/product-security-bulletin/1632611981389266946
CVE-2022-47454,Integer overflow in wlan driver,"In wlan driver, there is a possible missing params check. This could lead to local denial of service in wlan services.",Kerenl,CWE-190,local,Medium,5.2,CVSS:3.1/AV:L/AC:L/PR:H/UI:R/S:C/C:L/I:L/A:L,SC9863A/SC9832E/SC7731E/T610/T310/T606/T760/T610/T618/T606/T612/T616/T760/T770/T820/S8000,Android10/Android11/Android12,2023-03-06,https://www.unisoc.com/en/support/product-security-bulletin/1632611981389266946
CVE-2022-47455,Buffer over-read in wlan driver,"In wlan driver, there is a possible missing params check. This could lead to local denial of service in wlan services.",Kerenl,cwe-126 Buffer Over-read,Local,Medium,6.2,CVSS:3.1/AV:L/AC:L/PR:N/UI:N/S:U/C:N/I:N/A:H,SC9863A/SC9832E/SC7731E/T610/T310/T606/T760/T610/T618/T606/T612/T616/T760/T770/T820/S8000,Android10/Android11/Android12,2023-03-06,https://www.unisoc.com/en/support/product-security-bulletin/1632611981389266946
CVE-2022-47456,Buffer over-read in wlan driver,"In wlan driver, there is a possible missing params check. This could lead to local denial of service in wlan services.",Kerenl,cwe-126 Buffer Over-read,Local,Medium,6.2,CVSS:3.1/AV:L/AC:L/PR:N/UI:N/S:U/C:N/I:N/A:H,SC9863A/SC9832E/SC7731E/T610/T310/T606/T760/T610/T618/T606/T612/T616/T760/T770/T820/S8000,Android10/Android11/Android12,2023-03-06,https://www.unisoc.com/en/support/product-security-bulletin/1632611981389266946
CVE-2022-47457,Buffer over-read in fm driver,"In wlan driver, there is a possible missing params check. This could lead to local denial of service in wlan services.",Kerenl,CWE-787,Local,Medium,5.3,CVSS:3.1/AV:L/AC:L/PR:L/UI:N/S:U/C:L/I:L/A:L,SC9863A/SC9832E/SC7731E/T610/T310/T606/T760/T610/T618/T606/T612/T616/T760/T770/T820/S8000,Android10/Android11/Android12,2023-03-06,https://www.unisoc.com/en/support/product-security-bulletin/1632611981389266946
CVE-2022-47458,Buffer over-read in fm driver,"In wlan driver, there is a possible missing params check. This could lead to local denial of service in wlan services.",Kerenl,CWE-125,Local,Medium,5.3,CVSS:3.1/AV:L/AC:L/PR:L/UI:N/S:U/C:L/I:L/A:L,SC9863A/SC9832E/SC7731E/T610/T310/T606/T760/T610/T618/T606/T612/T616/T760/T770/T820/S8000,Android10/Android11/Android12,2023-03-06,https://www.unisoc.com/en/support/product-security-bulletin/1632611981389266946
CVE-2022-47460,Use after free in gpu device,"In gpu device, there is a memory corruption due to a use after free. This could lead to local denial of service in kernel.",Kerenl,CWE-416 Use After Free,Local,High,7.7,CVSS:3.1/AV:L/AC:L/PR:N/UI:N/S:U/C:N/I:H/A:H,SC9863A/SC9832E/SC7731E/T610/T310/T606/T760/T610/T618/T606/T612/T616/T760/T770/T820/S8000,Android10/Android11,2023-03-06,https://www.unisoc.com/en/support/product-security-bulletin/1632611981389266946
CVE-2022-47461,Missing authorization in telephone service,"In telephone service, there is a missing permission check. This could lead to local escalation of privilege with system execution privileges needed.",Android,CWE-200 Information Disclosure,Local,High,7.3,CVSS:3.1/AV:L/AC:L/PR:N/UI:N/S:U/C:L/I:L/A:H,SC9863A/SC9832E/SC7731E/T610/T310/T606/T760/T610/T618/T606/T612/T616/T760/T770/T820/S8000,Android10/Android11,2023-03-06,https://www.unisoc.com/en/support/product-security-bulletin/1632611981389266946
CVE-2022-47462,Missing authorization in telephone service,"In telephone service, there is a missing permission check. This could lead to local escalation of privilege with system execution privileges needed.",Android,CWE-862 Missing Authorization,Local,High,7.6,CVSS:3.1/AV:L/AC:H/PR:N/UI:R/S:C/C:H/I:L/A:H,SC9863A/SC9832E/SC7731E/T610/T310/T606/T760/T610/T618/T606/T612/T616/T760/T770/T820/S8000,Android10,2023-03-06,https://www.unisoc.com/en/support/product-security-bulletin/1632611981389266946
CVE-2022-47459,Integer overflow in wlan driver,"In wlan driver, there is a possible missing params check. This could lead to local denial of service in wlan services.",Kerenl,CWE-787 Out-of-bounds Write,Local,High,7.3,CVSS:3.1/AV:L/AC:L/PR:N/UI:N/S:U/C:H/I:L/A:L,SC9863A/SC9832E/SC7731E/T610/T310/T606/T760/T610/T618/T606/T612/T616/T760/T770/T820/S8000,Android10/Android11,2023-03-06,https://www.unisoc.com/en/support/product-security-bulletin/1632611981389266946
CVE-2022-47339,Improper neutralization of special elements used in an OS command ('OS Command Injection') in cmd services,"In cmd services, there is a OS command injection issue due to missing permission check. This could lead to local escalation of privilege with system execution privileges needed.",Android,CWE-78 Improper Neutralization of Special Elements used in an OS Command ('OS Command Injection'),Local,High,7.2,CVSS:3.1/AV:L/AC:H/PR:H/UI:R/S:C/C:L/I:H/A:H,SC9863A/SC9832E/SC7731E/T610/T310/T606/T760/T610/T618/T606/T612/T616/T760/T770/T820/S8000,Android10/Android11/Android12,2023-02-02,https://www.unisoc.com/en/support/product-security-bulletin/1621031340405919745
CVE-2022-47331,Concurrent execution using shared resource with improper synchronization ('race condition') in wlan driver,"In wlan driver, there is a race condition. This could lead to local denial of service in wlan services.",Kerenl,CWE-787 Out-of-bounds Write,Local,High,7.3,CVSS:3.1/AV:L/AC:L/PR:N/UI:N/S:U/C:H/I:L/A:L,SC9863A/SC9832E/SC7731E/T610/T310/T606/T760/T610/T618/T606/T612/T616/T760/T770/T820/S8000,Android10/Android11,2023-02-02,https://www.unisoc.com/en/support/product-security-bulletin/1621031340405919745
CVE-2022-47341,Missing authorization in engineermode services,"In engineermode services, there is a missing permission check. This could lead to local escalation of privilege with system execution privileges needed.",Android,CWE-862 Missing Authorization,Local,Medium,4,CVSS:3.1/AV:L/AC:L/PR:N/UI:N/S:U/C:N/I:N/A:L,SC9863A/SC9832E/SC7731E/T610/T310/T606/T760/T610/T618/T606/T612/T616/T760/T770/T820/S8000,Android10/Android11,2023-02-02,https://www.unisoc.com/en/support/product-security-bulletin/1621031340405919745
CVE-2022-47342,Array Index Underflow in engineermode services,"In engineermode services, there is a missing permission check. This could lead to local denial of service in engineermode services.",Android,CWE-129 Array Index Underflow,Local,Medium,4,CVSS:3.1/AV:L/AC:L/PR:N/UI:N/S:U/C:N/I:N/A:L,SC9863A/SC9832E/SC7731E/T610/T310/T606/T760/T610/T618/T606/T612/T616/T760/T770/T820/S8000,Android10/Android11,2023-02-02,https://www.unisoc.com/en/support/product-security-bulletin/1621031340405919745
CVE-2022-47343,Array Index Underflow in engineermode services,"In engineermode services, there is a missing permission check. This could lead to local denial of service in engineermode services.",Android,CWE-129 Array Index Underflow,Local,Medium,4,CVSS:3.1/AV:L/AC:L/PR:N/UI:N/S:U/C:N/I:N/A:L,SC9863A/SC9832E/SC7731E/T610/T310/T606/T760/T610/T618/T606/T612/T616/T760/T770/T820/S8000,Android10/Android11,2023-02-02,https://www.unisoc.com/en/support/product-security-bulletin/1621031340405919745
CVE-2022-47344,Array Index Underflow in engineermode services,"In engineermode services, there is a missing permission check. This could lead to local denial of service in engineermode services.",Android,CWE-129 Array Index Underflow,Local,Medium,4,CVSS:3.1/AV:L/AC:L/PR:N/UI:N/S:U/C:N/I:N/A:L,SC9863A/SC9832E/SC7731E/T610/T310/T606/T760/T610/T618/T606/T612/T616/T760/T770/T820/S8000,Android10/Android11,2023-02-02,https://www.unisoc.com/en/support/product-security-bulletin/1621031340405919745
CVE-2022-47345,Array Index Underflow in engineermode services,"In engineermode services, there is a missing permission check. This could lead to local denial of service in engineermode services.",Android,CWE-129 Array Index Underflow,Local,Medium,4,CVSS:3.1/AV:L/AC:L/PR:N/UI:N/S:U/C:N/I:N/A:L,SC9863A/SC9832E/SC7731E/T610/T310/T606/T760/T610/T618/T606/T612/T616/T760/T770/T820/S8000,Android10/Android11,2023-02-02,https://www.unisoc.com/en/support/product-security-bulletin/1621031340405919745
CVE-2022-47346,Array Index Underflow in engineermode services,"In engineermode services, there is a missing permission check. This could lead to local denial of service in engineermode services.",Android,CWE-129 Array Index Underflow,Local,Medium,4,CVSS:3.1/AV:L/AC:L/PR:N/UI:N/S:U/C:N/I:N/A:L,SC9863A/SC9832E/SC7731E/T610/T310/T606/T760/T610/T618/T606/T612/T616/T760/T770/T820/S8000,Android10/Android11,2023-02-02,https://www.unisoc.com/en/support/product-security-bulletin/1621031340405919745
CVE-2022-47347,Array Index Underflow in engineermode services,"In engineermode services, there is a missing permission check. This could lead to local denial of service in engineermode services.",Android,CWE-129 Array Index Underflow,Local,Medium,4,CVSS:3.1/AV:L/AC:L/PR:N/UI:N/S:U/C:N/I:N/A:L,SC9863A/SC9832E/SC7731E/T610/T310/T606/T760/T610/T618/T606/T612/T616/T760/T770/T820/S8000,Android10/Android11,2023-02-02,https://www.unisoc.com/en/support/product-security-bulletin/1621031340405919745
CVE-2022-47348,Array Index Underflow in engineermode services,"In engineermode services, there is a missing permission check. This could lead to local denial of service in engineermode services.",Android,CWE-129 Array Index Underflow,Local,Medium,4,CVSS:3.1/AV:L/AC:L/PR:N/UI:N/S:U/C:N/I:N/A:L,SC9863A/SC9832E/SC7731E/T610/T310/T606/T760/T610/T618/T606/T612/T616/T760/T770/T820/S8000,Android10/Android11,2023-02-02,https://www.unisoc.com/en/support/product-security-bulletin/1621031340405919745
CVE-2022-47354,Denial of Service in log service,"In log service, there is a missing permission check. This could lead to local denial of service in log service.",Android,CWE-400 Denial of Service,Local,Medium,4,CVSS:3.1/AV:L/AC:H/PR:H/UI:R/S:U/C:N/I:N/A:H,SC9863A/SC9832E/SC7731E/T610/T310/T606/T760/T610/T618/T606/T612/T616/T760/T770/T820/S8000,Android10/Android11/Android12,2023-02-02,https://www.unisoc.com/en/support/product-security-bulletin/1621031340405919745
CVE-2022-47355,Denial of Service in log service,"In log service, there is a missing permission check. This could lead to local denial of service in log service.",Android,CWE-400 Denial of Service,Local,Medium,4,CVSS:3.1/AV:L/AC:H/PR:H/UI:R/S:U/C:N/I:N/A:H,SC9863A/SC9832E/SC7731E/T610/T310/T606/T760/T610/T618/T606/T612/T616/T760/T770/T820/S8000,Android10/Android11/Android12,2023-02-02,https://www.unisoc.com/en/support/product-security-bulletin/1621031340405919745
CVE-2022-47356,Denial of Service in log service,"In log service, there is a missing permission check. This could lead to local denial of service in log service.",Android,CWE-400 Denial of Service,Local,Medium,4,CVSS:3.1/AV:L/AC:H/PR:H/UI:R/S:U/C:N/I:N/A:H,SC9863A/SC9832E/SC7731E/T610/T310/T606/T760/T610/T618/T606/T612/T616/T760/T770/T820/S8000,Android10/Android11/Android12,2023-02-02,https://www.unisoc.com/en/support/product-security-bulletin/1621031340405919745
CVE-2022-47357,Denial of Service in log service,"In log service, there is a missing permission check. This could lead to local denial of service in log service.",Android,CWE-400 Denial of Service,Local,Medium,4,CVSS:3.1/AV:L/AC:H/PR:H/UI:R/S:U/C:N/I:N/A:H,SC9863A/SC9832E/SC7731E/T610/T310/T606/T760/T610/T618/T606/T612/T616/T760/T770/T820/S8000,Android10/Android11/Android12,2023-02-02,https://www.unisoc.com/en/support/product-security-bulletin/1621031340405919745
CVE-2022-47358,Missing Authorization in log service,"In log service, there is a missing permission check. This could lead to local denial of service in log service.",Android,CWE-862 Missing Authorization,Local,Medium,4,CVSS:3.1/AV:L/AC:H/PR:H/UI:R/S:U/C:N/I:N/A:H,SC9863A/SC9832E/SC7731E/T610/T310/T606/T760/T610/T618/T606/T612/T616/T760/T770/T820/S8000,Android10/Android11/Android12,2023-02-02,https://www.unisoc.com/en/support/product-security-bulletin/1621031340405919745
CVE-2022-47359,NULL pointer dereference in log service,"In log service, there is a missing permission check. This could lead to local denial of service in log service.",Android,CWE-476 NULL Pointer Dereference,Local,Medium,4,CVSS:3.1/AV:L/AC:H/PR:H/UI:R/S:U/C:N/I:N/A:H,SC9863A/SC9832E/SC7731E/T610/T310/T606/T760/T610/T618/T606/T612/T616/T760/T770/T820/S8000,Android10/Android11/Android12,2023-02-02,https://www.unisoc.com/en/support/product-security-bulletin/1621031340405919745
CVE-2022-47360,NULL pointer dereference in log service,"In log service, there is a missing permission check. This could lead to local denial of service in log service.",Android,CWE-476 NULL Pointer Dereference,Local,Medium,4,CVSS:3.1/AV:L/AC:H/PR:H/UI:R/S:U/C:N/I:N/A:H,SC9863A/SC9832E/SC7731E/T610/T310/T606/T760/T610/T618/T606/T612/T616/T760/T770/T820/S8000,Android10/Android11/Android12,2023-02-02,https://www.unisoc.com/en/support/product-security-bulletin/1621031340405919745
CVE-2022-47361,Missing authorization in firewall service,"In firewall service, there is a missing permission check. This could lead to local escalation of privilege with system execution privileges needed.",Android,CWE-862 Missing Authorization,Local,Medium,4,CVSS:3.1/AV:L/AC:H/PR:H/UI:R/S:U/C:N/I:N/A:H,SC9863A/SC9832E/SC7731E/T610/T310/T606/T760/T610/T618/T606/T612/T616/T760/T770/T820/S8000,Android10/Android11/Android12,2023-02-02,https://www.unisoc.com/en/support/product-security-bulletin/1621031340405919745
CVE-2022-38675,Heap-based buffer overflow in gpu driver,"In gpu driver, there is a possible out of bounds write due to a missing bounds check. This could lead to local denial of service in kernel.",Kernel,CWE-121 Stack-based Buffer Overflow,Local,Medium,6.3,CVSS:3.1/AV:L/AC:L/PR:H/UI:R/S:C/C:N/I:L/A:H,SC9863A/SC9832E/SC7731E/T610/T310/T606/T760/T610/T618/T606/T612/T616/T760/T770/T820/S8000,Android10/Android11/Android12,2023-02-02,https://www.unisoc.com/en/support/product-security-bulletin/1621031340405919745
CVE-2022-38674,Integer overflow in wlan driver,"In wlan driver, there is a possible missing params check. This could lead to local denial of service in wlan services.",Kerenl,CWE-190 Integer Overflow,Local,Medium,6.4,CVSS:3.1/AV:L/AC:H/PR:H/UI:N/S:U/C:H/I:H/A:H,SC9863A/SC9832E/SC7731E/T610/T310/T606/T760/T610/T618/T606/T612/T616/T760/T770/T820/S8000,Android10/Android11/Android12,2023-02-02,https://www.unisoc.com/en/support/product-security-bulletin/1621031340405919745
CVE-2022-38680,Integer overflow in wlan driver,"In wlan driver, there is a possible missing params check. This could lead to local denial of service in wlan services.",Kerenl,CWE-190 Integer Overflow,Local,Medium,6.4,CVSS:3.1/AV:L/AC:H/PR:H/UI:N/S:U/C:H/I:H/A:H,SC9863A/SC9832E/SC7731E/T610/T310/T606/T760/T610/T618/T606/T612/T616/T760/T770/T820/S8000,Android10/Android11/Android12,2023-02-02,https://www.unisoc.com/en/support/product-security-bulletin/1621031340405919745
CVE-2022-38681,Integer underflow in wlan driver,"In wlan driver, there is a possible missing params check. This could lead to local denial of service in wlan services.",Kerenl,CWE-191 Integer Underflow,Local,Medium,6.4,CVSS:3.1/AV:L/AC:H/PR:H/UI:N/S:U/C:H/I:H/A:H,SC9863A/SC9832E/SC7731E/T610/T310/T606/T760/T610/T618/T606/T612/T616/T760/T770/T820/S8000,Android10/Android11/Android12,2023-02-02,https://www.unisoc.com/en/support/product-security-bulletin/1621031340405919745
CVE-2022-38686,Information disclosure in wlan driver,"In wlan driver, there is a possible missing params check. This could lead to local denial of service in wlan services.",Kerenl,CWE-200 Information Disclosure,Local,Medium,6.4,CVSS:3.1/AV:L/AC:H/PR:H/UI:N/S:U/C:H/I:H/A:H,SC9863A/SC9832E/SC7731E/T610/T310/T606/T760/T610/T618/T606/T612/T616/T760/T770/T820/S8000,Android10/Android11,2023-02-02,https://www.unisoc.com/en/support/product-security-bulletin/1621031340405919745
CVE-2022-42783,Heap overflow in wlan driver,"In wlan driver, there is a possible missing params check. This could lead to local denial of service in wlan services.",Kerenl,CWE-122 Heap Overflow,Local,Medium,6.4,CVSS:3.1/AV:L/AC:H/PR:H/UI:N/S:U/C:H/I:H/A:H,SC9863A/SC9832E/SC7731E/T610/T310/T606/T760/T610/T618/T606/T612/T616/T760/T770/T820/S8000,Android10/Android11/Android12,2023-02-02,https://www.unisoc.com/en/support/product-security-bulletin/1621031340405919745
CVE-2022-44448,Stack overflow in wlan driver,"In wlan driver, there is a possible missing params check. This could lead to local denial of service in wlan services.",Kerenl,CWE-121 Stack Overflow,Local,Medium,6.4,CVSS:3.1/AV:L/AC:H/PR:H/UI:N/S:U/C:H/I:H/A:H,SC9863A/SC9832E/SC7731E/T610/T310/T606/T760/T610/T618/T606/T612/T616/T760/T770/T820/S8000,Android10/Android11/Android12,2023-02-02,https://www.unisoc.com/en/support/product-security-bulletin/1621031340405919745
CVE-2022-47322,Integer overflow in wlan driver,"In wlan driver, there is a possible missing params check. This could lead to local denial of service in wlan services.",Kerenl,CWE-190 Integer Overflow,Local,Medium,6.4,CVSS:3.1/AV:L/AC:H/PR:H/UI:N/S:U/C:H/I:H/A:H,SC9863A/SC9832E/SC7731E/T610/T310/T606/T760/T610/T618/T606/T612/T616/T760/T770/T820/S8000,Android10/Android11/Android12,2023-02-02,https://www.unisoc.com/en/support/product-security-bulletin/1621031340405919745
CVE-2022-47323,Out of memory read in wlan driver,"In wlan driver, there is a possible missing params check. This could lead to local denial of service in wlan services.",Kerenl,CWE-125 Out-of-bounds Read,Local,Medium,6.4,CVSS:3.1/AV:L/AC:H/PR:H/UI:N/S:U/C:H/I:H/A:H,SC9863A/SC9832E/SC7731E/T610/T310/T606/T760/T610/T618/T606/T612/T616/T760/T770/T820/S8000,Android10/Android11/Android12,2023-02-02,https://www.unisoc.com/en/support/product-security-bulletin/1621031340405919745
CVE-2022-47324,Exposure of sensitive Information to an unauthorized actor in wlan driver,"In wlan driver, there is a possible missing permission check. This could lead to local information disclosure.",Kerenl,CWE-200 Exposure of Sensitive Information to an Unauthorized Actor,Local,Medium,6.4,CVSS:3.1/AV:L/AC:H/PR:H/UI:N/S:U/C:H/I:H/A:H,SC9863A/SC9832E/SC7731E/T610/T310/T606/T760/T610/T618/T606/T612/T616/T760/T770/T820/S8000,Android10/Android11/Android12,2023-02-02,https://www.unisoc.com/en/support/product-security-bulletin/1621031340405919745
CVE-2022-47325,Exposure of sensitive Information to an unauthorized actor in wlan driver,"In wlan driver, there is a possible missing permission check. This could lead to local information disclosure.",Kerenl,CWE-200 Exposure of Sensitive Information to an Unauthorized Actor,Local,Medium,6.4,CVSS:3.1/AV:L/AC:H/PR:H/UI:N/S:U/C:H/I:H/A:H,SC9863A/SC9832E/SC7731E/T610/T310/T606/T760/T610/T618/T606/T612/T616/T760/T770/T820/S8000,Android10/Android11/Android12,2023-02-02,https://www.unisoc.com/en/support/product-security-bulletin/1621031340405919745
CVE-2022-47326,Exposure of sensitive Information to an unauthorized actor in wlan driver,"In wlan driver, there is a possible missing permission check. This could lead to local information disclosure.",Kerenl,CWE-200 Exposure of Sensitive Information to an Unauthorized Actor,Local,Medium,6.4,CVSS:3.1/AV:L/AC:H/PR:H/UI:N/S:U/C:H/I:H/A:H,SC9863A/SC9832E/SC7731E/T610/T310/T606/T760/T610/T618/T606/T612/T616/T760/T770/T820/S8000,Android10/Android11/Android12,2023-02-02,https://www.unisoc.com/en/support/product-security-bulletin/1621031340405919745
CVE-2022-47327,Exposure of sensitive Information to an unauthorized actor in wlan driver,"In wlan driver, there is a possible missing permission check. This could lead to local information disclosure.",Kerenl,CWE-200 Exposure of Sensitive Information to an Unauthorized Actor,Local,Medium,6.4,CVSS:3.1/AV:L/AC:H/PR:H/UI:N/S:U/C:H/I:H/A:H,SC9863A/SC9832E/SC7731E/T610/T310/T606/T760/T610/T618/T606/T612/T616/T760/T770/T820/S8000,Android10/Android11/Android12,2023-02-02,https://www.unisoc.com/en/support/product-security-bulletin/1621031340405919745
CVE-2022-47328,Exposure of sensitive Information to an unauthorized actor in wlan driver,"In wlan driver, there is a possible missing permission check. This could lead to local information disclosure.",Kerenl,CWE-200 Exposure of Sensitive Information to an Unauthorized Actor,Local,Medium,6.4,CVSS:3.1/AV:L/AC:H/PR:H/UI:N/S:U/C:H/I:H/A:H,SC9863A/SC9832E/SC7731E/T610/T310/T606/T760/T610/T618/T606/T612/T616/T760/T770/T820/S8000,Android10/Android11/Android12,2023-02-02,https://www.unisoc.com/en/support/product-security-bulletin/1621031340405919745
CVE-2022-47329,Exposure of sensitive Information to an unauthorized actor in wlan driver,"In wlan driver, there is a possible missing permission check. This could lead to local information disclosure.",Kerenl,CWE-200 Exposure of Sensitive Information to an Unauthorized Actor,Local,Medium,6.4,CVSS:3.1/AV:L/AC:H/PR:H/UI:N/S:U/C:H/I:H/A:H,SC9863A/SC9832E/SC7731E/T610/T310/T606/T760/T610/T618/T606/T612/T616/T760/T770/T820/S8000,Android10/Android11/Android12,2023-02-02,https://www.unisoc.com/en/support/product-security-bulletin/1621031340405919745
CVE-2022-47330,Exposure of sensitive Information to an unauthorized actor in wlan driver,"In wlan driver, there is a possible missing permission check. This could lead to local information disclosure.",Kerenl,CWE-200 Exposure of Sensitive Information to an Unauthorized Actor,Local,Medium,6.4,CVSS:3.1/AV:L/AC:H/PR:H/UI:N/S:U/C:H/I:H/A:H,SC9863A/SC9832E/SC7731E/T610/T310/T606/T760/T610/T618/T606/T612/T616/T760/T770/T820/S8000,Android10/Android11/Android12,2023-02-02,https://www.unisoc.com/en/support/product-security-bulletin/1621031340405919745
CVE-2022-47450,Exposure of sensitive Information to an unauthorized actor in wlan driver,"In wlan driver, there is a possible missing permission check. This could lead to local information disclosure.",Kerenl,CWE-200 Exposure of Sensitive Information to an Unauthorized Actor,Local,Medium,6.4,CVSS:3.1/AV:L/AC:H/PR:H/UI:N/S:U/C:H/I:H/A:H,SC9863A/SC9832E/SC7731E/T610/T310/T606/T760/T610/T618/T606/T612/T616/T760/T770/T820/S8000,Android10/Android11/Android12,2023-02-02,https://www.unisoc.com/en/support/product-security-bulletin/1621031340405919745
CVE-2022-47332,Exposure of sensitive Information to an unauthorized actor in wlan driver,"In wlan driver, there is a possible missing permission check. This could lead to local information disclosure.",Kerenl,CWE-200 Exposure of Sensitive Information to an Unauthorized Actor,Local,Medium,6.4,CVSS:3.1/AV:L/AC:H/PR:H/UI:N/S:U/C:H/I:H/A:H,SC9863A/SC9832E/SC7731E/T610/T310/T606/T760/T610/T618/T606/T612/T616/T760/T770/T820/S8000,Android10/Android11/Android12,2023-02-02,https://www.unisoc.com/en/support/product-security-bulletin/1621031340405919745
CVE-2022-47333,Exposure of sensitive Information to an unauthorized actor in wlan driver,"In wlan driver, there is a possible missing permission check. This could lead to local information disclosure.",Kerenl,CWE-200 Exposure of Sensitive Information to an Unauthorized Actor,Local,Medium,6.4,CVSS:3.1/AV:L/AC:H/PR:H/UI:N/S:U/C:H/I:H/A:H,SC9863A/SC9832E/SC7731E/T610/T310/T606/T760/T610/T618/T606/T612/T616/T760/T770/T820/S8000,Android10/Android11/Android12,2023-02-02,https://www.unisoc.com/en/support/product-security-bulletin/1621031340405919745
CVE-2022-44421,Exposure of sensitive Information to an unauthorized actor in wlan driver,"In wlan driver, there is a possible missing permission check. This could lead to local In wlan driver, information disclosure.",Kerenl,CWE-200 Exposure of Sensitive Information to an Unauthorized Actor,Local,Medium,6.4,CVSS:3.1/AV:L/AC:H/PR:H/UI:N/S:U/C:H/I:H/A:H,SC9863A/SC9832E/SC7731E/T610/T310/T606/T760/T610/T618/T606/T612/T616/T760/T770/T820/S8000,Android10/Android11/Android12,2023-02-02,https://www.unisoc.com/en/support/product-security-bulletin/1621031340405919745
CVE-2022-44447,NULL pointer dereference in wlan driver,"In wlan driver, there is a possible null pointer dereference issue due to a missing bounds check. This could lead to local denial of service in wlan services.",Kerenl,CWE-476 NULL Pointer Dereference,Local,Medium,6.6,CVSS:3.1/AV:L/AC:L/PR:N/UI:R/S:U/C:H/I:L/A:L,SC9863A/SC9832E/SC7731E/T610/T310/T606/T760/T610/T618/T606/T612/T616/T760/T770/T820/S8000,Android10/Android11/Android12,2023-02-02,https://www.unisoc.com/en/support/product-security-bulletin/1621031340405919745
CVE-2022-47363,OOB write/arbitrary memory read issue,"In wlan driver, there is a possible out of bounds read due to a missing bounds check. This could lead to local denial of service in wlan services.",Kerenl,CWE-125 out of memory read,Local,Medium,5.7,CVSS:3.1/AV:L/AC:L/PR:H/UI:N/S:C/C:L/I:L/A:L,SC9863A/SC9832E/SC7731E/T610/T310/T606/T760/T610/T618/T606/T612/T616/T760/T770/T820/S8000,Android10/Android11/Android12,2023-02-02,https://www.unisoc.com/en/support/product-security-bulletin/1621031340405919745
CVE-2022-47364,OOB write/arbitrary memory read issue,"In wlan driver, there is a possible out of bounds write due to a missing bounds check. This could lead to local denial of service in wlan services.",Kerenl,CWE-787 Out-of-bounds Write,Local,Medium,5.7,CVSS:3.1/AV:L/AC:L/PR:H/UI:N/S:C/C:L/I:L/A:L,SC9863A/SC9832E/SC7731E/T610/T310/T606/T760/T610/T618/T606/T612/T616/T760/T770/T820/S8000,Android10/Android11/Android12,2023-02-02,https://www.unisoc.com/en/support/product-security-bulletin/1621031340405919745
CVE-2022-47365,Out-of-bounds write in wlan driver,"In wlan driver, there is a possible out of bounds write due to a missing bounds check. This could lead to local denial of service in wlan services.",Kerenl,CWE-787 Out-of-bounds Write,Local,Medium,6.4,CVSS:3.1/AV:L/AC:H/PR:H/UI:N/S:U/C:H/I:H/A:H,SC9863A/SC9832E/SC7731E/T610/T310/T606/T760/T610/T618/T606/T612/T616/T760/T770/T820/S8000,Android10/Android11/Android12,2023-02-02,https://www.unisoc.com/en/support/product-security-bulletin/1621031340405919745
CVE-2022-47366,Out-of-bounds write in wlan driver,"In wlan driver, there is a possible out of bounds write due to a missing bounds check. This could lead to local denial of service in wlan services.",Kerenl,CWE-787 Out-of-bounds Write,Local,Medium,6.4,CVSS:3.1/AV:L/AC:H/PR:H/UI:N/S:U/C:H/I:H/A:H,SC9863A/SC9832E/SC7731E/T610/T310/T606/T760/T610/T618/T606/T612/T616/T760/T770/T820/S8000,Android10/Android11/Android12,2023-02-02,https://www.unisoc.com/en/support/product-security-bulletin/1621031340405919745
CVE-2022-47367,Exposure of Sensitive Information to an Unauthorized Actor in bluetooth driver,"In bluetooth driver, there is a missing permission check. This could lead to local information disclosure with no additional execution privileges needed.",Kerenl,CWE-200 Exposure of Sensitive Information to an Unauthorized Actor,Local,Medium,4.8,CVSS:3.1/AV:L/AC:L/PR:L/UI:R/S:U/C:L/I:L/A:L,SC9863A/SC9832E/SC7731E/T610/T310/T606/T760/T610/T618/T606/T612/T616/T760/T770/T820/S8000,Android10/Android11/Android12,2023-02-02,https://www.unisoc.com/en/support/product-security-bulletin/1621031340405919745
CVE-2022-47368,Out-of-bounds write in wlan driver,"In wlan driver, there is a possible missing params check. This could lead to local denial of service in wlan services.",Kerenl,CWE-787 Out-of-bounds Write,Local,Medium,5.7,CVSS:3.1/AV:L/AC:L/PR:H/UI:N/S:C/C:L/I:L/A:L,SC9863A/SC9832E/SC7731E/T610/T310/T606/T760/T610/T618/T606/T612/T616/T760/T770/T820/S8000,Android10/Android11/Android12,2023-02-02,https://www.unisoc.com/en/support/product-security-bulletin/1621031340405919745
CVE-2022-47369,Out-of-bounds write in wlan driver,"In wlan driver, there is a possible missing params check. This could lead to local denial of service in wlan services.",Kerenl,CWE-787 Out-of-bounds Write,Local,Medium,5.7,CVSS:3.1/AV:L/AC:L/PR:H/UI:N/S:C/C:L/I:L/A:L,SC9863A/SC9832E/SC7731E/T610/T310/T606/T760/T610/T618/T606/T612/T616/T760/T770/T820/S8000,Android10/Android11/Android12,2023-02-02,https://www.unisoc.com/en/support/product-security-bulletin/1621031340405919745
CVE-2022-47370,Denial of service in wlan driver,"In wlan driver, there is a possible missing params check. This could lead to local denial of service in wlan services.",Kerenl,CWE-400 Denial of Service,Local,Medium,4.8,CVSS:3.1/AV:L/AC:L/PR:L/UI:R/S:U/C:L/I:L/A:L,SC9863A/SC9832E/SC7731E/T610/T310/T606/T760/T610/T618/T606/T612/T616/T760/T770/T820/S8000,Android10/Android11/Android12,2023-02-02,https://www.unisoc.com/en/support/product-security-bulletin/1621031340405919745
CVE-2022-47371,Use after free in bluetooth driver,"In bt driver, there is a thread competition leads to early release of resources to be accessed. This could lead to local denial of service in kernel.",Kerenl,CWE-416 Use After Free,Local,Medium,5.5,CVSS:3.1/AV:L/AC:L/PR:L/UI:N/S:U/C:N/I:N/A:H,SC9863A/SC9832E/SC7731E/T610/T310/T606/T760/T610/T618/T606/T612/T616/T760/T770/T820/S8000,Android10/Android11/Android12,2023-02-02,https://www.unisoc.com/en/support/product-security-bulletin/1621031340405919745
CVE-2022-47451,Integer Overflow in wlan driver,"In wlan driver, there is a possible missing params check. This could lead to local denial of service in wlan services.",Kerenl,CWE-190 Integer Overflow,Local,Medium,6.6,CVSS:3.1/AV:L/AC:L/PR:N/UI:R/S:U/C:H/I:L/A:L,SC9863A/SC9832E/SC7731E/T610/T310/T606/T760/T610/T618/T606/T612/T616/T760/T770/T820/S8000,Android10/Android11/Android12,2023-02-02,https://www.unisoc.com/en/support/product-security-bulletin/1621031340405919745
CVE-2022-47452,Out-of-bounds write in gnss driver,"In gnss driver, there is a possible out of bounds write due to a missing bounds check. This could lead to local denial of service in wlan services.",Kerenl,CWE-787 Out-of-bounds Write,Local,Medium,6.4,CVSS:3.1/AV:L/AC:H/PR:H/UI:N/S:U/C:H/I:H/A:H,SC9863A/SC9832E/SC7731E/T610/T310/T606/T760/T610/T618/T606/T612/T616/T760/T770/T820/S8000,Android10/Android11/Android12,2023-02-02,https://www.unisoc.com/en/support/product-security-bulletin/1621031340405919745
CVE-2022-44446,Buffer over read in wlan driver,"In wlan driver, there is a possible missing bounds check, This could lead to local denial of service in wlan services.",WLAN Firmware,CWE-126 Buffer Over-read,Local,Medium,6.4,CVSS:3.1/AV:L/AC:H/PR:H/UI:N/S:U/C:H/I:H/A:H,SC9863A/SC9832E/SC7731E/T610/T310/T606/T760/T610/T618/T606/T612/T616/T760/T770/T820/S8000,Android10/Android11/Android12,2023-01-03,https://www.unisoc.com/en/support/product-security-bulletin/1610118225591336961
CVE-2022-44445,Buffer over read in wlan driver,"In wlan driver, there is a possible missing bounds check, This could lead to local denial of service in wlan services.",WLAN Firmware,CWE-126 Buffer Over-read,Local,Medium,6.4,CVSS:3.1/AV:L/AC:H/PR:H/UI:N/S:U/C:H/I:H/A:H,SC9863A/SC9832E/SC7731E/T610/T310/T606/T760/T610/T618/T606/T612/T616/T760/T770/T820/S8000,Android10/Android11/Android12,2023-01-03,https://www.unisoc.com/en/support/product-security-bulletin/1610118225591336961
CVE-2022-44444,Integer overflow in wlan driver,"In wlan driver, there is a possible missing bounds check, This could lead to local denial of service in wlan services.",WLAN Firmware,CWE-191 Integer Underflow,Local,Medium,6.4,CVSS:3.1/AV:L/AC:H/PR:H/UI:N/S:U/C:H/I:H/A:H,SC9863A/SC9832E/SC7731E/T610/T310/T606/T760/T610/T618/T606/T612/T616/T760/T770/T820/S8000,Android10/Android11/Android12,2023-01-03,https://www.unisoc.com/en/support/product-security-bulletin/1610118225591336961
CVE-2022-44443,Buffer over read in wlan driver,"In wlan driver, there is a possible missing bounds check, This could lead to local denial of service in wlan services.",WLAN Firmware,CWE-126 Buffer Over-read,Local,Medium,6.4,CVSS:3.1/AV:L/AC:H/PR:H/UI:N/S:U/C:H/I:H/A:H,SC9863A/SC9832E/SC7731E/T610/T310/T606/T760/T610/T618/T606/T612/T616/T760/T770/T820/S8000,Android10/Android11/Android12,2023-01-03,https://www.unisoc.com/en/support/product-security-bulletin/1610118225591336961
CVE-2022-44442,Out-of-bounds read in wlan driver,"In wlan driver, there is a possible missing bounds check, This could lead to local denial of service in wlan services.",WLAN Firmware,CWE-125 Out-of-bounds Read,Local,Medium,6.4,CVSS:3.1/AV:L/AC:H/PR:H/UI:N/S:U/C:H/I:H/A:H,SC9863A/SC9832E/SC7731E/T610/T310/T606/T760/T610/T618/T606/T612/T616/T760/T770/T820/S8000,Android10/Android11/Android12,2023-01-03,https://www.unisoc.com/en/support/product-security-bulletin/1610118225591336961
CVE-2022-44441,Out-of-bounds read in wlan driver,"In wlan driver, there is a possible missing bounds check, This could lead to local denial of service in wlan services.",WLAN Firmware,CWE-125 Out-of-bounds Read,Local,Medium,6.4,CVSS:3.1/AV:L/AC:H/PR:H/UI:N/S:U/C:H/I:H/A:H,SC9863A/SC9832E/SC7731E/T610/T310/T606/T760/T610/T618/T606/T612/T616/T760/T770/T820/S8000,Android10/Android11/Android12,2023-01-03,https://www.unisoc.com/en/support/product-security-bulletin/1610118225591336961
CVE-2022-44440,Out-of-bounds read in wlan driver,"In wlan driver, there is a possible missing bounds check, This could lead to local denial of service in wlan services.",WLAN Firmware,CWE-125 Out-of-bounds Read,Local,Medium,6.4,CVSS:3.1/AV:L/AC:H/PR:H/UI:N/S:U/C:H/I:H/A:H,SC9863A/SC9832E/SC7731E/T610/T310/T606/T760/T610/T618/T606/T612/T616/T760/T770/T820/S8000,Android10/Android11/Android12,2023-01-03,https://www.unisoc.com/en/support/product-security-bulletin/1610118225591336961
CVE-2022-44424,Denial of service in music service,"In music service, there is a missing permission check. This could lead to local denial of service in contacts service with no additional execution privileges needed.",Android,CWE-862 Missing Authorization,Local,Medium,4,CVSS:3.1/AV:L/AC:L/PR:N/UI:N/S:U/C:N/I:N/A:L,SC9863A/SC9832E/SC7731E/T610/T310/T606/T760/T610/T618/T606/T612/T616/T760/T770/T820/S8000,Android10/Android11/Android12,2023-01-03,https://www.unisoc.com/en/support/product-security-bulletin/1610118225591336961
CVE-2022-44423,Denial of service in music service,"In music service, there is a missing permission check. This could lead to local denial of service in contacts service with no additional execution privileges needed.",Android,CWE-862 Missing Authorization,Local,Medium,4,CVSS:3.1/AV:L/AC:L/PR:N/UI:N/S:U/C:N/I:N/A:L,SC9863A/SC9832E/SC7731E/T610/T310/T606/T760/T610/T618/T606/T612/T616/T760/T770/T820/S8000,Android10/Android11/Android12,2023-01-03,https://www.unisoc.com/en/support/product-security-bulletin/1610118225591336961
CVE-2022-44422,Denial of service in music service,"In music service, there is a missing permission check. This could lead to local denial of service in contacts service with no additional execution privileges needed.",Android,CWE-862 Missing Authorization,Local,Medium,4,CVSS:3.1/AV:L/AC:L/PR:N/UI:N/S:U/C:N/I:N/A:L,SC9863A/SC9832E/SC7731E/T610/T310/T606/T760/T610/T618/T606/T612/T616/T760/T770/T820/S8000,Android10/Android11/Android12,2023-01-03,https://www.unisoc.com/en/support/product-security-bulletin/1610118225591336961
CVE-2022-39088,Elevation of privilege in network service,"In network service, there is a missing permission check. This could lead to local escalation of privilege with System execution privileges needed.",Android,CWE-77 Improper Neutralization of Special Elements used in a Com,Local,Medium,5.3,CVSS:3.1/AV:L/AC:L/PR:H/UI:R/S:U/C:H/I:L/A:L,SC9863A/SC9832E/SC7731E/T610/T310/T606/T760/T610/T618/T606/T612/T616/T760/T770/T820/S8000,Android10/Android11/Android12,2023-01-03,https://www.unisoc.com/en/support/product-security-bulletin/1610118225591336961
CVE-2022-39087,Elevation of privilege in network service,"In network service, there is a missing permission check. This could lead to local escalation of privilege with System execution privileges needed.",Android,CWE-77 Improper Neutralization of Special Elements used in a Com,Local,Medium,5.3,CVSS:3.1/AV:L/AC:L/PR:H/UI:R/S:U/C:H/I:L/A:L,SC9863A/SC9832E/SC7731E/T610/T310/T606/T760/T610/T618/T606/T612/T616/T760/T770/T820/S8000,Android10/Android11/Android12,2023-01-03,https://www.unisoc.com/en/support/product-security-bulletin/1610118225591336961
CVE-2022-39086,Elevation of privilege in network service,"In network service, there is a missing permission check. This could lead to local escalation of privilege with System execution privileges needed.",Android,CWE-77 Improper Neutralization of Special Elements used in a Com,Local,Medium,5.3,CVSS:3.1/AV:L/AC:L/PR:H/UI:R/S:U/C:H/I:L/A:L,SC9863A/SC9832E/SC7731E/T610/T310/T606/T760/T610/T618/T606/T612/T616/T760/T770/T820/S8000,Android10/Android11/Android12,2023-01-03,https://www.unisoc.com/en/support/product-security-bulletin/1610118225591336961
CVE-2022-39085,Elevation of privilege in network service,"In network service, there is a missing permission check. This could lead to local escalation of privilege with System execution privileges needed.",Android,CWE-77 Improper Neutralization of Special Elements used in a Com,Local,Medium,5.3,CVSS:3.1/AV:L/AC:L/PR:H/UI:R/S:U/C:H/I:L/A:L,SC9863A/SC9832E/SC7731E/T610/T310/T606/T760/T610/T618/T606/T612/T616/T760/T770/T820/S8000,Android10/Android11/Android12,2023-01-03,https://www.unisoc.com/en/support/product-security-bulletin/1610118225591336961
CVE-2022-39118,Buffer Overflow in sprd_sysdump driver,"In sprd_sysdump driver, there is a possible out of bounds write due to a missing bounds check. This could lead to local denial of service in kernel.",kernel,CWE-120 Buffer Overflow,Local,Medium,6.7,CVSS:3.1/AV:L/AC:L/PR:H/UI:N/S:U/C:H/I:H/A:H,SC9863A/SC9832E/SC7731E/T610/T310/T606/T760/T610/T618/T606/T612/T616/T760/T770/T820/S8000,Android10/Android11/Android12,2023-01-03,https://www.unisoc.com/en/support/product-security-bulletin/1610118225591336961
CVE-2022-39116,Stack Overflow in sysdump driver,"In sysdump driver, there is a possible out of bounds write due to a missing bounds check. This could lead to local denial of service in kernel.",kernel,CWE-121 Stack Overflow,Local,Medium,6.7,CVSS:3.1/AV:L/AC:L/PR:H/UI:N/S:U/C:H/I:H/A:H,SC9863A/SC9832E/SC7731E/T610/T310/T606/T760/T610/T618/T606/T612/T616/T760/T770/T820/S8000,Android10/Android11/Android12,2023-01-03,https://www.unisoc.com/en/support/product-security-bulletin/1610118225591336961
CVE-2022-39084,Elevation of privilege in network service,"In network service, there is a missing permission check. This could lead to local escalation of privilege with System execution privileges needed.",Android,CWE-77 Improper Neutralization of Special Elements used in a Com,Local,Medium,6.7,CVSS:3.1/AV:L/AC:L/PR:H/UI:N/S:U/C:H/I:H/A:H,SC9863A/SC9832E/SC7731E/T610/T310/T606/T760/T610/T618/T606/T612/T616/T760/T770/T820/S8000,Android10/Android11/Android12,2023-01-03,https://www.unisoc.com/en/support/product-security-bulletin/1610118225591336961
CVE-2022-39083,Elevation of privilege in network service,"In network service, there is a missing permission check. This could lead to local escalation of privilege with System execution privileges needed.",Android,CWE-77 Improper Neutralization of Special Elements used in a Com,Local,Medium,6.7,CVSS:3.1/AV:L/AC:L/PR:H/UI:N/S:U/C:H/I:H/A:H,SC9863A/SC9832E/SC7731E/T610/T310/T606/T760/T610/T618/T606/T612/T616/T760/T770/T820/S8000,Android10/Android11/Android12,2023-01-03,https://www.unisoc.com/en/support/product-security-bulletin/1610118225591336961
CVE-2022-39082,Elevation of privilege in network service,"In network service, there is a missing permission check. This could lead to local escalation of privilege with System execution privileges needed.",Android,CWE-77 Improper Neutralization of Special Elements used in a Com,Local,Medium,6.7,CVSS:3.1/AV:L/AC:L/PR:H/UI:N/S:U/C:H/I:H/A:H,SC9863A/SC9832E/SC7731E/T610/T310/T606/T760/T610/T618/T606/T612/T616/T760/T770/T820/S8000,Android10/Android11/Android12,2023-01-03,https://www.unisoc.com/en/support/product-security-bulletin/1610118225591336961
CVE-2022-39081,Elevation of privilege in messaging service,"In network service, there is a missing permission check. This could lead to local escalation of privilege with System execution privileges needed.",Android,CWE-77 Improper Neutralization of Special Elements used in a Com,Local,Medium,6.7,CVSS:3.1/AV:L/AC:L/PR:H/UI:N/S:U/C:H/I:H/A:H,SC9863A/SC9832E/SC7731E/T610/T310/T606/T760/T610/T618/T606/T612/T616/T760/T770/T820/S8000,Android10/Android11/Android12,2023-01-03,https://www.unisoc.com/en/support/product-security-bulletin/1610118225591336961
CVE-2022-39104,Denial of service in Contacts service,"In contacts service, there is a missing permission check. This could lead to local denial of service in Contacts service with no additional execution privileges needed.",Android,CWE-862 Missing Authorization,Local,Medium,5.5,CVSS:3.1/AV:L/AC:L/PR:N/UI:R/S:U/C:N/I:N/A:H,SC9863A/SC9832E/SC7731E/T610/T310/T606/T760/T610/T618/T606/T612/T616/T760/T770/T820/S8000,Android10/Android11/Android12,2023-01-03,https://www.unisoc.com/en/support/product-security-bulletin/1610118225591336961
CVE-2022-38684,Denial of service in contacts service,"In contacts service, there is a missing permission check. This could lead to local denial of service in contacts service with no additional execution privileges needed.",Android,CWE-862 Missing Authorization,Local,Medium,5.5,CVSS:3.1/AV:L/AC:L/PR:N/UI:R/S:U/C:N/I:N/A:H,SC9863A/SC9832E/SC7731E/T610/T310/T606/T760/T610/T618/T606/T612/T616/T760/T770/T820/S8000,Android10/Android11/Android12,2023-01-03,https://www.unisoc.com/en/support/product-security-bulletin/1610118225591336961
CVE-2022-38683,Denial of service in contacts service,"In contacts service, there is a missing permission check. This could lead to local denial of service in contacts service with no additional execution privileges needed.",Android,CWE-862 Missing Authorization,Local,Medium,5.5,CVSS:3.1/AV:L/AC:L/PR:N/UI:R/S:U/C:N/I:N/A:H,SC9863A/SC9832E/SC7731E/T610/T310/T606/T760/T610/T618/T606/T612/T616/T760/T770/T820/S8000,Android10/Android11/Android12,2023-01-03,https://www.unisoc.com/en/support/product-security-bulletin/1610118225591336961
CVE-2022-38682,Denial of service in contacts service,"In contacts service, there is a missing permission check. This could lead to local denial of service in contacts service with no additional execution privileges needed.",Android,CWE-862 Missing Authorization,Local,Medium,5.5,CVSS:3.1/AV:L/AC:L/PR:N/UI:R/S:U/C:N/I:N/A:H,SC9863A/SC9832E/SC7731E/T610/T310/T606/T760/T610/T618/T606/T612/T616/T760/T770/T820/S8000,Android10/Android11/Android12,2023-01-03,https://www.unisoc.com/en/support/product-security-bulletin/1610118225591336961
CVE-2022-38678,Denial of service in contacts service,"In contacts service, there is a missing permission check. This could lead to local denial of service in contacts service with no additional execution privileges needed.",Android,CWE-862 Missing Authorization,Local,Medium,5.5,CVSS:3.1/AV:L/AC:L/PR:N/UI:R/S:U/C:N/I:N/A:H,SC9863A/SC9832E/SC7731E/T610/T310/T606/T760/T610/T618/T606/T612/T616/T760/T770/T820/S8000,Android10/Android11/Android12,2023-01-03,https://www.unisoc.com/en/support/product-security-bulletin/1610118225591336961
CVE-2022-44432,Integer overflow in wlan driver,"In wlan driver, there is a possible missing bounds check, This could lead to local denial of service in wlan services.",WLAN Firmware,CWE-190 Integer Overflow,Local,High,7.3,CVSS:3.1/AV:L/AC:L/PR:N/UI:N/S:U/C:H/I:L/A:L,SC9863A/SC9832E/SC7731E/T610/T310/T606/T760/T610/T618/T606/T612/T616/T760/T770/T820/S8000,Android10/Android11/Android12,2023-01-03,https://www.unisoc.com/en/support/product-security-bulletin/1610118225591336961
CVE-2022-44431,Out-of-bounds Write in wlan driver,"In wlan driver, there is a possible missing bounds check, This could lead to local denial of service in wlan services.",WLAN Firmware,cwe-787 Out-of-bounds Write,Local,High,7.3,CVSS:3.1/AV:L/AC:L/PR:N/UI:N/S:U/C:H/I:L/A:L,SC9863A/SC9832E/SC7731E/T610/T310/T606/T760/T610/T618/T606/T612/T616/T760/T770/T820/S8000,Android10/Android11/Android12,2023-01-03,https://www.unisoc.com/en/support/product-security-bulletin/1610118225591336961
CVE-2022-44430,Heap overflow in wlan driver,"In wlan driver, there is a possible missing bounds check, This could lead to local denial of service in wlan services.",WLAN Firmware,CWE-122 Heap Overflow,Local,High,7.3,CVSS:3.1/AV:L/AC:L/PR:N/UI:N/S:U/C:H/I:L/A:L,SC9863A/SC9832E/SC7731E/T610/T310/T606/T760/T610/T618/T606/T612/T616/T760/T770/T820/S8000,Android10/Android11/Android12,2023-01-03,https://www.unisoc.com/en/support/product-security-bulletin/1610118225591336961
CVE-2022-44429,Heap overflow in wlan driver,"In wlan driver, there is a possible missing bounds check, This could lead to local denial of service in wlan services.",WLAN Firmware,CWE-122 Heap Overflow,Local,High,7.3,CVSS:3.1/AV:L/AC:L/PR:N/UI:N/S:U/C:H/I:L/A:L,SC9863A/SC9832E/SC7731E/T610/T310/T606/T760/T610/T618/T606/T612/T616/T760/T770/T820/S8000,Android10/Android11/Android12,2023-01-03,https://www.unisoc.com/en/support/product-security-bulletin/1610118225591336961
CVE-2022-44428,Heap overflow in wlan driver,"In wlan driver, there is a possible missing bounds check. This could lead to local denial of service in wlan services.",WLAN Firmware,CWE-122 Heap Overflow,Local,High,7.3,CVSS:3.1/AV:L/AC:L/PR:N/UI:N/S:U/C:H/I:L/A:L,SC9863A/SC9832E/SC7731E/T610/T310/T606/T760/T610/T618/T606/T612/T616/T760/T770/T820/S8000,Android10/Android11/Android12,2023-01-03,https://www.unisoc.com/en/support/product-security-bulletin/1610118225591336961
CVE-2022-44427,Heap overflow in wlan driver,"In wlan driver, there is a possible missing bounds check, This could lead to local denial of service in wlan services.",WLAN Firmware,CWE-122 Heap Overflow,Local,High,7.3,CVSS:3.1/AV:L/AC:L/PR:N/UI:N/S:U/C:H/I:L/A:L,SC9863A/SC9832E/SC7731E/T610/T310/T606/T760/T610/T618/T606/T612/T616/T760/T770/T820/S8000,Android10/Android11/Android12,2023-01-03,https://www.unisoc.com/en/support/product-security-bulletin/1610118225591336961
CVE-2022-44426,Integer overflow in wlan driver,"In wlan driver, there is a possible missing bounds check, This could lead to local denial of service in wlan services.",WLAN Firmware,CWE-190 Integer Overflow,Local,High,7.3,CVSS:3.1/AV:L/AC:L/PR:N/UI:N/S:U/C:H/I:L/A:L,SC9863A/SC9832E/SC7731E/T610/T310/T606/T760/T610/T618/T606/T612/T616/T760/T770/T820/S8000,Android10/Android11/Android12,2023-01-03,https://www.unisoc.com/en/support/product-security-bulletin/1610118225591336961
CVE-2022-44425,Integer overflow in wlan driver,"In wlan driver, there is a possible missing bounds check, This could lead to local denial of service in wlan services.",WLAN Firmware,CWE-190 Integer Overflow,Local,High,7.3,CVSS:3.1/AV:L/AC:L/PR:N/UI:N/S:U/C:H/I:L/A:L,SC9863A/SC9832E/SC7731E/T610/T310/T606/T760/T610/T618/T606/T612/T616/T760/T770/T820/S8000,Android10/Android11/Android12,2023-01-03,https://www.unisoc.com/en/support/product-security-bulletin/1610118225591336961
CVE-2022-44439,Elevation of privilege in messaging service,"In messaging service, there is a missing permission check. This could lead to local denial of service in contacts service with no additional execution privileges needed.",Android,CWE-862 Missing Authorization,Local,High,7.3,CVSS:3.1/AV:L/AC:L/PR:N/UI:R/S:U/C:H/I:H/A:L,SC9863A/SC9832E/SC7731E/T610/T310/T606/T760/T610/T618/T606/T612/T616/T760/T770/T820/S8000,Android10/Android11/Android12,2023-01-03,https://www.unisoc.com/en/support/product-security-bulletin/1610118225591336961
CVE-2022-44438,Elevation of privilege in messaging service,"In messaging service, there is a missing permission check. This could lead to local denial of service in contacts service with no additional execution privileges needed.",Android,CWE-862 Missing Authorization,Local,High,7.3,CVSS:3.1/AV:L/AC:L/PR:N/UI:R/S:U/C:H/I:H/A:L,SC9863A/SC9832E/SC7731E/T610/T310/T606/T760/T610/T618/T606/T612/T616/T760/T770/T820/S8000,Android10/Android11/Android12,2023-01-03,https://www.unisoc.com/en/support/product-security-bulletin/1610118225591336961
CVE-2022-44437,Elevation of privilege in messaging service,"In messaging service, there is a missing permission check. This could lead to local denial of service in contacts service with no additional execution privileges needed.",Android,CWE-862 Missing Authorization,Local,High,7.3,CVSS:3.1/AV:L/AC:L/PR:N/UI:R/S:U/C:H/I:H/A:L,SC9863A/SC9832E/SC7731E/T610/T310/T606/T760/T610/T618/T606/T612/T616/T760/T770/T820/S8000,Android10/Android11/Android12,2023-01-03,https://www.unisoc.com/en/support/product-security-bulletin/1610118225591336961
CVE-2022-44436,Elevation of privilege in messaging service,"In messaging service, there is a missing permission check. This could lead to local denial of service in contacts service with no additional execution privileges needed.",Android,CWE-862 Missing Authorization,Local,High,7.3,CVSS:3.1/AV:L/AC:L/PR:N/UI:R/S:U/C:H/I:H/A:L,SC9863A/SC9832E/SC7731E/T610/T310/T606/T760/T610/T618/T606/T612/T616/T760/T770/T820/S8000,Android10/Android11/Android12,2023-01-03,https://www.unisoc.com/en/support/product-security-bulletin/1610118225591336961
CVE-2022-44435,Elevation of privilege in messaging service,"In messaging service, there is a missing permission check. This could lead to local denial of service in contacts service with no additional execution privileges needed.",Android,CWE-862 Missing Authorization,Local,High,7.3,CVSS:3.1/AV:L/AC:L/PR:N/UI:R/S:U/C:H/I:H/A:L,SC9863A/SC9832E/SC7731E/T610/T310/T606/T760/T610/T618/T606/T612/T616/T760/T770/T820/S8000,Android10/Android11/Android12,2023-01-03,https://www.unisoc.com/en/support/product-security-bulletin/1610118225591336961
CVE-2022-44434,Elevation of privilege in messaging service,"In messaging service, there is a missing permission check. This could lead to local denial of service in contacts service with no additional execution privileges needed.",Android,CWE-862 Missing Authorization,Local,High,7.3,CVSS:3.1/AV:L/AC:L/PR:N/UI:R/S:U/C:H/I:H/A:L,SC9863A/SC9832E/SC7731E/T610/T310/T606/T760/T610/T618/T606/T612/T616/T760/T770/T820/S8000,Android10/Android11/Android12,2023-01-03,https://www.unisoc.com/en/support/product-security-bulletin/1610118225591336961
CVE-2022-39131,Improper input validation in camera driver,"In camera driver, there is a possible memory corruption due to improper locking. This could lead to local denial of service in kernel.",Kernel,CWE-119 Improper Restriction of Operations within the Bounds of a Memory Buffer,Local,High,7.7,CVSS:3.1/AV:L/AC:L/PR:N/UI:N/S:U/C:N/I:H/A:H,SC9863A/SC9832E/SC7731E/T610/T310/T606/T760/T610/T618/T606/T612/T616/T760/T770/T820/S8000,Android10/Android11/Android12,2022-12-05,https://www.unisoc.com/en/support/product-security-bulletin/1599588060988411906
CVE-2022-42771,Concurrent execution using shared resource with improper synchronization ('race condition') in wlan driver,"In wlan driver, there is a race condition, This could lead to local denial of service in wlan services.",WLAN Firmware,CWE-362 Concurrent Execution using Shared Resource with Improper Synchronization ('Race Condition'),Local,High,7.3,CVSS:3.1/AV:L/AC:L/PR:N/UI:N/S:U/C:H/I:L/A:L,SC9863A/SC9832E/SC7731E/T610/T310/T606/T760/T610/T618/T606/T612/T616/T760/T770/T820/S8020,Android10/Android11/Android12,2022-12-05,https://www.unisoc.com/en/support/product-security-bulletin/1599588060988411906
CVE-2022-42770,Concurrent execution using shared resource with improper synchronization ('race condition') in wlan driver,"In wlan driver, there is a race condition, This could lead to local denial of service in wlan services.",WLAN Firmware,CWE-362 Concurrent Execution using Shared Resource with Improper Synchronization ('Race Condition'),Local,High,7.3,CVSS:3.1/AV:L/AC:L/PR:N/UI:N/S:U/C:H/I:L/A:L,SC9863A/SC9832E/SC7731E/T610/T310/T606/T760/T610/T618/T606/T612/T616/T760/T770/T820/S8019,Android10/Android11/Android12,2022-12-05,https://www.unisoc.com/en/support/product-security-bulletin/1599588060988411906
CVE-2022-42775,Out-of-bounds read in camera driver,"In camera driver, there is a possible memory corruption due to improper locking. This could lead to local denial of service in kernel.",Kernel,CWE-119 Improper Restriction of Operations within the Bounds of a Memory Buffer,Local,High,7.7,CVSS:3.1/AV:L/AC:L/PR:N/UI:N/S:U/C:N/I:H/A:H,SC9863A/SC9832E/SC7731E/T610/T310/T606/T760/T610/T618/T606/T612/T616/T760/T770/T820/S8000,Android10/Android11/Android12,2022-12-05,https://www.unisoc.com/en/support/product-security-bulletin/1599588060988411906
CVE-2022-42756,Buffer overflow in sensor driver,"In sensor driver, there is a possible buffer overflow due to a missing bounds check. This could lead to local denial of service in kernel.",Kernel,CWE-120 Classic Buffer Overflow,Local,High,7.7,CVSS:3.1/AV:L/AC:L/PR:N/UI:N/S:U/C:N/I:H/A:H,SC9863A/SC9832E/SC7731E/T610/T310/T606/T760/T610/T618/T606/T612/T616/T760/T770/T820/S8000,Android10/Android11/Android12,2022-12-05,https://www.unisoc.com/en/support/product-security-bulletin/1599588060988411906
CVE-2022-42754,Memory use after free in npu driver,"In npu driver, there is a memory corruption due to a use after free. This could lead to local denial of service in kernel.",Kernel,CWE-416 Use After Free,Local,High,7.7,CVSS:3.1/AV:L/AC:L/PR:N/UI:N/S:U/C:N/I:H/A:H,SC9863A/SC9832E/SC7731E/T610/T310/T606/T760/T610/T618/T606/T612/T616/T760/T770/T820/S8000,Android10/Android11/Android12,2022-12-05,https://www.unisoc.com/en/support/product-security-bulletin/1599588060988411906
CVE-2022-39134,Concurrent execution using shared resource with improper synchronization ('race condition') in audio driver,"In audio driver, there is a use after free due to a race condition. This could lead to local denial of service in kernel.",Kernel,CWE-362 Concurrent Execution using Shared Resource with Improper Synchronization ('Race Condition'),Local,High,7.7,CVSS:3.1/AV:L/AC:L/PR:N/UI:N/S:U/C:N/I:H/A:H,SC9863A/SC9832E/SC7731E/T610/T310/T606/T760/T610/T618/T606/T612/T616/T760/T770/T820/S8000,Android10/Android11/Android12,2022-12-05,https://www.unisoc.com/en/support/product-security-bulletin/1599588060988411906
CVE-2022-39106,Stack Overflow in sensor driver,"In camera driver, there is a possible memory corruption due to improper locking. This could lead to local denial of service In sensor driver, there is a possible out of bounds write due to a missing bounds check. This could lead to local denial of service in kernel.",Kernel,CWE-121 Stack Overflow,Local,High,7.7,CVSS:3.1/AV:L/AC:L/PR:N/UI:N/S:U/C:N/I:H/A:H,SC9863A/SC9832E/SC7731E/T610/T310/T606/T760/T610/T618/T606/T612/T616/T760/T770/T820/S8000,Android10/Android11/Android12,2022-12-05,https://www.unisoc.com/en/support/product-security-bulletin/1599588060988411906
CVE-2022-42760,Buffer overflow in wlan driver,"In wlan driver, there is a possible missing bounds check, This could lead to local denial of service in wlan services.",WLAN Firmware,CWE-120 Classic Buffer Overflow,Local,Medium,6.6,CVSS:3.1/AV:L/AC:L/PR:N/UI:R/S:U/C:H/I:L/A:L,SC9863A/SC9832E/SC7731E/T610/T310/T606/T760/T610/T618/T606/T612/T616/T760/T770/T820/S8018,Android10/Android11/Android12,2022-12-05,https://www.unisoc.com/en/support/product-security-bulletin/1599588060988411906
CVE-2022-42769,Out-of-bounds read in wlan driver,"In wlan driver, there is a possible missing bounds check, This could lead to local denial of service in wlan services.",WLAN Firmware,CWE-125 Out-of-bounds Read,Local,Medium,6.6,CVSS:3.1/AV:L/AC:L/PR:N/UI:R/S:U/C:H/I:L/A:L,SC9863A/SC9832E/SC7731E/T610/T310/T606/T760/T610/T618/T606/T612/T616/T760/T770/T820/S8014,Android10/Android11/Android12,2022-12-05,https://www.unisoc.com/en/support/product-security-bulletin/1599588060988411906
CVE-2022-42773,Out-of-bounds read in wlan driver,"In wlan driver, there is a possible missing bounds check, This could lead to local denial of service in wlan services.",WLAN Firmware,CWE-125 Out-of-bounds Read,Local,Medium,6.6,CVSS:3.1/AV:L/AC:L/PR:N/UI:R/S:U/C:H/I:L/A:L,SC9863A/SC9832E/SC7731E/T610/T310/T606/T760/T610/T618/T606/T612/T616/T760/T770/T820/S8001,Android10/Android11/Android12,2022-12-05,https://www.unisoc.com/en/support/product-security-bulletin/1599588060988411906
CVE-2022-42761,Out-of-bounds read in wlan driver,"In wlan driver, there is a possible missing bounds check, This could lead to local denial of service in wlan services.",WLAN Firmware,CWE-125 Out-of-bounds Read,Local,Medium,6.6,CVSS:3.1/AV:L/AC:L/PR:N/UI:R/S:U/C:H/I:L/A:L,SC9863A/SC9832E/SC7731E/T610/T310/T606/T760/T610/T618/T606/T612/T616/T760/T770/T820/S8000,Android10/Android11/Android12,2022-12-05,https://www.unisoc.com/en/support/product-security-bulletin/1599588060988411906
CVE-2022-42777,Elevation of privilege in power management service,"In power management service, there is a missing permission check. This could lead to set up power management service with no additional execution privileges needed.",Android,CWE-862 Missing Authorization,Local,Medium,6.1,CVSS:3.1/AV:L/AC:L/PR:N/UI:R/S:U/C:L/I:H/A:N,SC9863A/SC9832E/SC7731E/T610/T310/T606/T760/T610/T618/T606/T612/T616/T760/T770/T820/S8000,Android10/Android11/Android12,2022-12-05,https://www.unisoc.com/en/support/product-security-bulletin/1599588060988411906
CVE-2022-39102,Elevation of privilege in power management service,"In power management service, there is a missing permission check. This could lead to set up power management service with no additional execution privileges needed.",Android,CWE-862 Missing Authorization,Local,Medium,6.3,CVSS:3.1/AV:L/AC:L/PR:N/UI:R/S:C/C:N/I:N/A:H,SC9863A/SC9832E/SC7731E/T610/T310/T606/T760/T610/T618/T606/T612/T616/T760/T770/T820/S8000,Android10/Android11/Android12,2022-12-05,https://www.unisoc.com/en/support/product-security-bulletin/1599588060988411906
CVE-2022-39101,Elevation of privilege in power management service,"In power management service, there is a missing permission check. This could lead to set up power management service with no additional execution privileges needed.",Android,CWE-862 Missing Authorization,Local,Medium,6.3,CVSS:3.1/AV:L/AC:L/PR:N/UI:R/S:C/C:N/I:N/A:H,SC9863A/SC9832E/SC7731E/T610/T310/T606/T760/T610/T618/T606/T612/T616/T760/T770/T820/S8000,Android10/Android11/Android12,2022-12-05,https://www.unisoc.com/en/support/product-security-bulletin/1599588060988411906
CVE-2022-39100,Elevation of privilege in power management service,"In power management service, there is a missing permission check. This could lead to set up power management service with no additional execution privileges needed.",Android,CWE-862 Missing Authorization,Local,Medium,5.5,CVSS:3.1/AV:L/AC:L/PR:N/UI:R/S:U/C:N/I:H/A:N,SC9863A/SC9832E/SC7731E/T610/T310/T606/T760/T610/T618/T606/T612/T616/T760/T770/T820/S8000,Android10/Android11/Android12,2022-12-05,https://www.unisoc.com/en/support/product-security-bulletin/1599588060988411906
CVE-2022-39099,Elevation of privilege in power management service,"In power management service, there is a missing permission check. This could lead to set up power management service with no additional execution privileges needed.",Android,CWE-862 Missing Authorization,Local,Medium,5.5,CVSS:3.1/AV:L/AC:L/PR:N/UI:R/S:U/C:N/I:H/A:N,SC9863A/SC9832E/SC7731E/T610/T310/T606/T760/T610/T618/T606/T612/T616/T760/T770/T820/S8000,Android10/Android11/Android12,2022-12-05,https://www.unisoc.com/en/support/product-security-bulletin/1599588060988411906
CVE-2022-39098,Elevation of privilege in power management service,"In power management service, there is a missing permission check. This could lead to set up power management service with no additional execution privileges needed.",Android,CWE-862 Missing Authorization,Local,Medium,6.3,CVSS:3.1/AV:L/AC:L/PR:N/UI:R/S:C/C:N/I:N/A:H,SC9863A/SC9832E/SC7731E/T610/T310/T606/T760/T610/T618/T606/T612/T616/T760/T770/T820/S8000,Android10/Android11/Android12,2022-12-05,https://www.unisoc.com/en/support/product-security-bulletin/1599588060988411906
CVE-2022-39097,Elevation of privilege in power management service,"In power management service, there is a missing permission check. This could lead to set up power management service with no additional execution privileges needed.",Android,CWE-862 Missing Authorization,Local,Medium,5.5,CVSS:3.1/AV:L/AC:L/PR:N/UI:R/S:U/C:N/I:H/A:N,SC9863A/SC9832E/SC7731E/T610/T310/T606/T760/T610/T618/T606/T612/T616/T760/T770/T820/S8000,Android10/Android11/Android12,2022-12-05,https://www.unisoc.com/en/support/product-security-bulletin/1599588060988411906
CVE-2022-39096,Elevation of privilege in power management service,"In power management service, there is a missing permission check. This could lead to set up power management service with no additional execution privileges needed.",Android,CWE-862 Missing Authorization,Local,Medium,5.5,CVSS:3.1/AV:L/AC:L/PR:N/UI:R/S:U/C:N/I:H/A:N,SC9863A/SC9832E/SC7731E/T610/T310/T606/T760/T610/T618/T606/T612/T616/T760/T770/T820/S8000,Android10/Android11/Android12,2022-12-05,https://www.unisoc.com/en/support/product-security-bulletin/1599588060988411906
CVE-2022-39095,Elevation of privilege in power management service,"In power management service, there is a missing permission check. This could lead to set up power management service with no additional execution privileges needed.",Android,CWE-862 Missing Authorization,Local,Medium,5.5,CVSS:3.1/AV:L/AC:L/PR:N/UI:R/S:U/C:N/I:H/A:N,SC9863A/SC9832E/SC7731E/T610/T310/T606/T760/T610/T618/T606/T612/T616/T760/T770/T820/S8000,Android10/Android11/Android12,2022-12-05,https://www.unisoc.com/en/support/product-security-bulletin/1599588060988411906
CVE-2022-39094,Elevation of privilege in power management service,"In power management service, there is a missing permission check. This could lead to set up power management service with no additional execution privileges needed.",Android,CWE-862 Missing Authorization,Local,Medium,5.5,CVSS:3.1/AV:L/AC:L/PR:N/UI:R/S:U/C:N/I:H/A:N,SC9863A/SC9832E/SC7731E/T610/T310/T606/T760/T610/T618/T606/T612/T616/T760/T770/T820/S8000,Android10/Android11/Android12,2022-12-05,https://www.unisoc.com/en/support/product-security-bulletin/1599588060988411906
CVE-2022-39093,Elevation of privilege in power management service,"In power management service, there is a missing permission check. This could lead to set up power management service with no additional execution privileges needed.",Android,CWE-862 Missing Authorization,Local,Medium,5.5,CVSS:3.1/AV:L/AC:L/PR:N/UI:R/S:U/C:N/I:H/A:N,SC9863A/SC9832E/SC7731E/T610/T310/T606/T760/T610/T618/T606/T612/T616/T760/T770/T820/S8000,Android10/Android11/Android12,2022-12-05,https://www.unisoc.com/en/support/product-security-bulletin/1599588060988411906
CVE-2022-39091,Elevation of privilege in power management service,"In power management service, there is a missing permission check. This could lead to set up power management service with no additional execution privileges needed.",Android,CWE-862 Missing Authorization,Local,Medium,5.5,CVSS:3.1/AV:L/AC:L/PR:N/UI:R/S:U/C:N/I:H/A:N,SC9863A/SC9832E/SC7731E/T610/T310/T606/T760/T610/T618/T606/T612/T616/T760/T770/T820/S8000,Android10/Android11/Android12,2022-12-05,https://www.unisoc.com/en/support/product-security-bulletin/1599588060988411906
CVE-2022-39092,Elevation of privilege in power management service,"In power management service, there is a missing permission check. This could lead to set up power management service with no additional execution privileges needed.",Android,CWE-862 Missing Authorization,Local,Medium,5.5,CVSS:3.1/AV:L/AC:L/PR:N/UI:R/S:U/C:N/I:H/A:N,SC9863A/SC9832E/SC7731E/T610/T310/T606/T760/T610/T618/T606/T612/T616/T760/T770/T820/S8000,Android10/Android11/Android12,2022-12-05,https://www.unisoc.com/en/support/product-security-bulletin/1599588060988411906
CVE-2022-39090,Elevation of privilege in power management service,"In power management service, there is a missing permission check. This could lead to set up power management service with no additional execution privileges needed.",Android,CWE-862 Missing Authorization,Local,Medium,5.5,CVSS:3.1/AV:L/AC:L/PR:N/UI:R/S:U/C:N/I:H/A:N,SC9863A/SC9832E/SC7731E/T610/T310/T606/T760/T610/T618/T606/T612/T616/T760/T770/T820/S8000,Android10/Android11/Android12,2022-12-05,https://www.unisoc.com/en/support/product-security-bulletin/1599588060988411906
CVE-2022-42776,Elevation of privilege in UscAIEngine service,"In UscAIEngine service, there is a missing permission check. This could lead to set up UscAIEngine service with no additional execution privileges needed.",Android,CWE-862 Missing Authorization,Local,Medium,4.4,CVSS:3.1/AV:L/AC:L/PR:N/UI:R/S:U/C:L/I:L/A:N,SC9863A/SC9832E/SC7731E/T610/T310/T606/T760/T610/T618/T606/T612/T616/T760/T770/T820/S8000,Android10/Android11/Android12,2022-12-05,https://www.unisoc.com/en/support/product-security-bulletin/1599588060988411906
CVE-2022-42778,Elevation of privilege windows manager service,"In windows manager service, there is a missing permission check. This could lead to set up windows manager service with no additional execution privileges needed.",Android,CWE-862 Missing Authorization,Local,Medium,6.3,CVSS:3.1/AV:L/AC:L/PR:N/UI:R/S:C/C:H/I:N/A:N,SC9863A/SC9832E/SC7731E/T610/T310/T606/T760/T610/T618/T606/T612/T616/T760/T770/T820/S8000,Android11,2022-12-05,https://www.unisoc.com/en/support/product-security-bulletin/1599588060988411906
CVE-2022-39132,Heap-based buffer overflow in camera driver,"In camera driver, there is a possible out of bounds write due to a missing bounds check. This could lead to local denial of service in kernel.",Kernel,CWE-126 Buffer Over-read,Local,High,7.7,CVSS:3.1/AV:L/AC:L/PR:N/UI:N/S:U/C:N/I:H/A:H,SC9863A/SC9832E/SC7731E/T610/T310/T606/T760/T610/T618/T606/T612/T616/T760/T770/T820/S8000,Android10/Android11/Android12,2022-12-05,https://www.unisoc.com/en/support/product-security-bulletin/1599588060988411906
CVE-2022-39130,Buffer over-read in face detect driver,"In face detect driver, there is a possible out of bounds write due to a missing bounds check. This could lead to local denial of service in kernel.",Kernel,CWE-126 Buffer Over-read,Local,High,7.7,CVSS:3.1/AV:L/AC:L/PR:N/UI:N/S:U/C:N/I:H/A:H,SC9863A/SC9832E/SC7731E/T610/T310/T606/T760/T610/T618/T606/T612/T616/T760/T770/T820/S8000,Android10/Android11/Android12,2022-12-05,https://www.unisoc.com/en/support/product-security-bulletin/1599588060988411906
CVE-2022-39129,Stack-based buffer overflow in face detect driver,"In face detect driver, there is a possible out of bounds write due to a missing bounds check. This could lead to local denial of service in kernel.",Kernel,CWE-121 Stack-based Buffer Overflow,Local,High,7.7,CVSS:3.1/AV:L/AC:L/PR:N/UI:N/S:U/C:N/I:H/A:H,SC9863A/SC9832E/SC7731E/T610/T310/T606/T760/T610/T618/T606/T612/T616/T760/T770/T820/S8000,Android10/Android11/Android12,2022-12-05,https://www.unisoc.com/en/support/product-security-bulletin/1599588060988411906
CVE-2022-42755,Out-of-bounds write in wlan driver,"In wlan driver, there is a possible missing bounds check, This could lead to local denial of service in wlan services",WLAN Firmware,CWE-787 Out-of-bounds Write,Local,High,7.3,CVSS:3.1/AV:L/AC:L/PR:N/UI:N/S:U/C:H/I:L/A:L,SC9863A/SC9832E/SC7731E/T610/T310/T606/T760/T610/T618/T606/T612/T616/T760/T770/T820/S8023,Android10/Android11/Android12,2022-12-05,https://www.unisoc.com/en/support/product-security-bulletin/1599588060988411906
CVE-2022-39133,Out-of-bounds write in wlan driver,"In wlan driver, there is a possible missing bounds check, This could lead to local denial of service in wlan services",WLAN Firmware,CWE-787 Out-of-bounds Write,Local,High,7.3,CVSS:3.1/AV:L/AC:L/PR:N/UI:N/S:U/C:H/I:L/A:L,SC9863A/SC9832E/SC7731E/T610/T310/T606/T760/T610/T618/T606/T612/T616/T760/T770/T820/S8022,Android10/Android11/Android12,2022-12-05,https://www.unisoc.com/en/support/product-security-bulletin/1599588060988411906
CVE-2022-42759,Buffer Over-read in wlan driver,"In wlan driver, there is a possible missing bounds check, This could lead to local denial of service in wlan services.",WLAN Firmware,CWE-126 Buffer Over-read,Local,Medium,6.6,CVSS:3.1/AV:L/AC:L/PR:N/UI:R/S:U/C:H/I:L/A:L,SC9863A/SC9832E/SC7731E/T610/T310/T606/T760/T610/T618/T606/T612/T616/T760/T770/T820/S8017,Android10/Android11/Android12,2022-12-05,https://www.unisoc.com/en/support/product-security-bulletin/1599588060988411906
CVE-2022-42772,Out-of-bounds write in wlan driver,"In wlan driver, there is a possible missing bounds check, This could lead to local denial of service in wlan services",WLAN Firmware,CWE-787 Out-of-bounds Write,Local,High,7.3,CVSS:3.1/AV:L/AC:L/PR:N/UI:N/S:U/C:H/I:L/A:L,SC9863A/SC9832E/SC7731E/T610/T310/T606/T760/T610/T618/T606/T612/T616/T760/T770/T820/S8021,Android10/Android11/Android12,2022-12-05,https://www.unisoc.com/en/support/product-security-bulletin/1599588060988411906
CVE-2022-42758,Buffer Over-read in wlan driver,"In wlan driver, there is a possible missing bounds check, This could lead to local denial of service in wlan services.",WLAN Firmware,CWE-126 Buffer Over-read,Local,Medium,6.6,CVSS:3.1/AV:L/AC:L/PR:N/UI:R/S:U/C:H/I:L/A:L,SC9863A/SC9832E/SC7731E/T610/T310/T606/T760/T610/T618/T606/T612/T616/T760/T770/T820/S8016,Android10/Android11/Android12,2022-12-05,https://www.unisoc.com/en/support/product-security-bulletin/1599588060988411906
CVE-2022-42757,Buffer Over-read in wlan driver,"In wlan driver, there is a possible missing bounds check, This could lead to local denial of service in wlan services.",WLAN Firmware,CWE-126 Buffer Over-read,Local,Medium,6.6,CVSS:3.1/AV:L/AC:L/PR:N/UI:R/S:U/C:H/I:L/A:L,SC9863A/SC9832E/SC7731E/T610/T310/T606/T760/T610/T618/T606/T612/T616/T760/T770/T820/S8015,Android10/Android11/Android12,2022-12-05,https://www.unisoc.com/en/support/product-security-bulletin/1599588060988411906
CVE-2022-42768,Buffer over-read in wlan driver,"In wlan driver, there is a possible missing bounds check, This could lead to local denial of service in wlan services.",WLAN Firmware,CWE-126 Buffer Over-read,Local,Medium,6.6,CVSS:3.1/AV:L/AC:L/PR:N/UI:R/S:U/C:H/I:L/A:L,SC9863A/SC9832E/SC7731E/T610/T310/T606/T760/T610/T618/T606/T612/T616/T760/T770/T820/S8013,Android10/Android11/Android12,2022-12-05,https://www.unisoc.com/en/support/product-security-bulletin/1599588060988411906
CVE-2022-42767,Integer overflow in wlan driver,"In wlan driver, there is a possible missing bounds check, This could lead to local denial of service in wlan services.",WLAN Firmware,CWE-190 Integer Overflow,Local,Medium,6.6,CVSS:3.1/AV:L/AC:L/PR:N/UI:R/S:U/C:H/I:L/A:L,SC9863A/SC9832E/SC7731E/T610/T310/T606/T760/T610/T618/T606/T612/T616/T760/T770/T820/S8012,Android10/Android11/Android12,2022-12-05,https://www.unisoc.com/en/support/product-security-bulletin/1599588060988411906
CVE-2022-42766,Information disclosure in wlan driver,"In wlan driver, there is a possible missing permission check, This could lead to local information disclosure.",WLAN Firmware,CWE-200 Information Disclosure,Local,Medium,6.6,CVSS:3.1/AV:L/AC:L/PR:N/UI:R/S:U/C:H/I:L/A:L,SC9863A/SC9832E/SC7731E/T610/T310/T606/T760/T610/T618/T606/T612/T616/T760/T770/T820/S8011,Android10/Android11/Android12,2022-12-05,https://www.unisoc.com/en/support/product-security-bulletin/1599588060988411906
CVE-2022-42765,Integer overflow in wlan driver,"In wlan driver, there is a possible missing bounds check, This could lead to local denial of service in wlan services.",WLAN Firmware,CWE-190 Integer Overflow,Local,Medium,6.6,CVSS:3.1/AV:L/AC:L/PR:N/UI:R/S:U/C:H/I:L/A:L,SC9863A/SC9832E/SC7731E/T610/T310/T606/T760/T610/T618/T606/T612/T616/T760/T770/T820/S8010,Android10/Android11/Android12,2022-12-05,https://www.unisoc.com/en/support/product-security-bulletin/1599588060988411906
CVE-2022-42764,Integer overflow in wlan driver,"In wlan driver, there is a possible missing bounds check, This could lead to local denial of service in wlan services.",WLAN Firmware,CWE-190 Integer Overflow,Local,Medium,6.6,CVSS:3.1/AV:L/AC:L/PR:N/UI:R/S:U/C:H/I:L/A:L,SC9863A/SC9832E/SC7731E/T610/T310/T606/T760/T610/T618/T606/T612/T616/T760/T770/T820/S8009,Android10/Android11/Android12,2022-12-05,https://www.unisoc.com/en/support/product-security-bulletin/1599588060988411906
CVE-2022-42763,Integer overflow in wlan driver,"In wlan driver, there is a possible missing bounds check, This could lead to local denial of service in wlan services.",WLAN Firmware,CWE-190 Integer Overflow,Local,Medium,6.6,CVSS:3.1/AV:L/AC:L/PR:N/UI:R/S:U/C:H/I:L/A:L,SC9863A/SC9832E/SC7731E/T610/T310/T606/T760/T610/T618/T606/T612/T616/T760/T770/T820/S8008,Android10/Android11/Android12,2022-12-05,https://www.unisoc.com/en/support/product-security-bulletin/1599588060988411906
CVE-2022-42782,Information Disclosure in wlan driver,"In wlan driver, there is a possible missing permission check, This could lead to local information disclosure.",WLAN Firmware,CWE-200 Information Disclosure,Local,Medium,6.6,CVSS:3.1/AV:L/AC:L/PR:N/UI:R/S:U/C:H/I:L/A:L,SC9863A/SC9832E/SC7731E/T610/T310/T606/T760/T610/T618/T606/T612/T616/T760/T770/T820/S8007,Android10/Android11/Android12,2022-12-05,https://www.unisoc.com/en/support/product-security-bulletin/1599588060988411906
CVE-2022-42781,Buffer over-read in wlan driver,"In wlan driver, there is a possible missing bounds check, This could lead to local denial of service in wlan services.",WLAN Firmware,CWE-126 Buffer Over-read,Local,Medium,6.6,CVSS:3.1/AV:L/AC:L/PR:N/UI:R/S:U/C:H/I:L/A:L,SC9863A/SC9832E/SC7731E/T610/T310/T606/T760/T610/T618/T606/T612/T616/T760/T770/T820/S8006,Android10/Android11/Android12,2022-12-05,https://www.unisoc.com/en/support/product-security-bulletin/1599588060988411906
CVE-2022-42780,Buffer over-read in wlan driver,"In wlan driver, there is a possible missing bounds check, This could lead to local denial of service in wlan services.",WLAN Firmware,CWE-126 Buffer Over-read,Local,Medium,6.6,CVSS:3.1/AV:L/AC:L/PR:N/UI:R/S:U/C:H/I:L/A:L,SC9863A/SC9832E/SC7731E/T610/T310/T606/T760/T610/T618/T606/T612/T616/T760/T770/T820/S8005,Android10/Android11/Android12,2022-12-05,https://www.unisoc.com/en/support/product-security-bulletin/1599588060988411906
CVE-2022-42762,Buffer over-read in wlan driver,"In wlan driver, there is a possible missing bounds check, This could lead to local denial of service in wlan services.",WLAN Firmware,CWE-126 Buffer Over-read,Local,Medium,6.6,CVSS:3.1/AV:L/AC:L/PR:N/UI:R/S:U/C:H/I:L/A:L,SC9863A/SC9832E/SC7731E/T610/T310/T606/T760/T610/T618/T606/T612/T616/T760/T770/T820/S8004,Android10/Android11/Android12,2022-12-05,https://www.unisoc.com/en/support/product-security-bulletin/1599588060988411906
CVE-2022-42779,Buffer over-read in wlan driver,"In wlan driver, there is a possible missing bounds check, This could lead to local denial of service in wlan services.",WLAN Firmware,CWE-126 Buffer Over-read,Local,Medium,6.6,CVSS:3.1/AV:L/AC:L/PR:N/UI:R/S:U/C:H/I:L/A:L,SC9863A/SC9832E/SC7731E/T610/T310/T606/T760/T610/T618/T606/T612/T616/T760/T770/T820/S8003,Android10/Android11/Android12,2022-12-05,https://www.unisoc.com/en/support/product-security-bulletin/1599588060988411906
CVE-2022-42774,Buffer over-read in wlan driver,"In wlan driver, there is a possible missing bounds check, This could lead to local denial of service in wlan services.",WLAN Firmware,CWE-126 Buffer Over-read,Local,Medium,6.6,CVSS:3.1/AV:L/AC:L/PR:N/UI:R/S:U/C:H/I:L/A:L,SC9863A/SC9832E/SC7731E/T610/T310/T606/T760/T610/T618/T606/T612/T616/T760/T770/T820/S8002,Android10/Android11/Android12,2022-12-05,https://www.unisoc.com/en/support/product-security-bulletin/1599588060988411906
CVE-2022-39128,Integer Overflow in sensor driver,"In sensor driver, there is a possible out of bounds write due to a missing bounds check. This could lead to local denial of service in kernel.",Kernel,CWE-400 Uncontrolled Resource Consumption,Local,Medium,5.3,CVSS:3.1/AV:L/AC:L/PR:H/UI:R/S:U/C:L/I:L/A:H,SC9863A/SC9832E/SC7731E/T610/T310/T606/T760/T610/T618/T606/T612/T616/T760/T770/T820/S8000,Android10/Android11/Android12,2022-11-08,https://www.unisoc.com/en/support/product-security-bulletin/1575020929476526082
CVE-2022-39127,Integer Overflow in sensor driver,"In sensor driver, there is a possible out of bounds write due to a missing bounds check. This could lead to local denial of service in kernel.",Kernel,CWE-400 Uncontrolled Resource Consumption,Local,Medium,5.3,CVSS:3.1/AV:L/AC:L/PR:H/UI:R/S:U/C:L/I:L/A:H,SC9863A/SC9832E/SC7731E/T610/T310/T606/T760/T610/T618/T606/T612/T616/T760/T770/T820/S8000,Android10/Android11/Android12,2022-11-08,https://www.unisoc.com/en/support/product-security-bulletin/1575020929476526082
CVE-2022-39126,Integer Overflow in sensor driver,"In sensor driver, there is a possible out of bounds write due to a missing bounds check. This could lead to local denial of service in kernel.",Kernel,CWE-400 Uncontrolled Resource Consumption,Local,Medium,5.3,CVSS:3.1/AV:L/AC:L/PR:H/UI:R/S:U/C:L/I:L/A:H,SC9863A/SC9832E/SC7731E/T610/T310/T606/T760/T610/T618/T606/T612/T616/T760/T770/T820/S8000,Android10/Android11/Android12,2022-11-08,https://www.unisoc.com/en/support/product-security-bulletin/1575020929476526082
CVE-2022-39125,Integer Overflow in sensor driver,"In sensor driver, there is a possible out of bounds write due to a missing bounds check. This could lead to local denial of service in kernel.",Kernel,CWE-400 Uncontrolled Resource Consumption,Local,Medium,5.3,CVSS:3.1/AV:L/AC:L/PR:H/UI:R/S:U/C:L/I:L/A:H,SC9863A/SC9832E/SC7731E/T610/T310/T606/T760/T610/T618/T606/T612/T616/T760/T770/T820/S8000,Android10/Android11/Android12,2022-11-08,https://www.unisoc.com/en/support/product-security-bulletin/1575020929476526082
CVE-2022-39124,Integer Overflow in sensor driver,"In sensor driver, there is a possible out of bounds write due to a missing bounds check. This could lead to local denial of service in kernel.",Kernel,CWE-400 Uncontrolled Resource Consumption,Local,Medium,5.3,CVSS:3.1/AV:L/AC:L/PR:H/UI:R/S:U/C:L/I:L/A:H,SC9863A/SC9832E/SC7731E/T610/T310/T606/T760/T610/T618/T606/T612/T616/T760/T770/T820/S8000,Android10/Android11/Android12,2022-11-08,https://www.unisoc.com/en/support/product-security-bulletin/1575020929476526082
CVE-2022-39123,Integer Overflow in sensor driver,"In sensor driver, there is a possible out of bounds write due to a missing bounds check. This could lead to local denial of service in kernel.",Kernel,CWE-400 Uncontrolled Resource Consumption,Local,Medium,5.3,CVSS:3.1/AV:L/AC:L/PR:H/UI:R/S:U/C:L/I:L/A:H,SC9863A/SC9832E/SC7731E/T610/T310/T606/T760/T610/T618/T606/T612/T616/T760/T770/T820/S8000,Android10/Android11/Android12,2022-11-08,https://www.unisoc.com/en/support/product-security-bulletin/1575020929476526082
CVE-2022-39122,Integer Overflow in sensor driver,"In sensor driver, there is a possible out of bounds write due to a missing bounds check. This could lead to local denial of service in kernel.",Kernel,CWE-120 Buffer Overflow,Local,Medium,5.3,CVSS:3.1/AV:L/AC:L/PR:H/UI:R/S:U/C:L/I:L/A:H,SC9863A/SC9832E/SC7731E/T610/T310/T606/T760/T610/T618/T606/T612/T616/T760/T770/T820/S8000,Android10/Android11/Android12,2022-11-08,https://www.unisoc.com/en/support/product-security-bulletin/1575020929476526082
CVE-2022-39121,Integer Overflow in sensor driver,"In sensor driver, there is a possible out of bounds write due to a missing bounds check. This could lead to local denial of service in kernel.",Kernel,CWE-120 Buffer Overflow,Local,Medium,5.3,CVSS:3.1/AV:L/AC:L/PR:H/UI:R/S:U/C:L/I:L/A:H,SC9863A/SC9832E/SC7731E/T610/T310/T606/T760/T610/T618/T606/T612/T616/T760/T770/T820/S8000,Android10/Android11/Android12,2022-11-08,https://www.unisoc.com/en/support/product-security-bulletin/1575020929476526082
CVE-2022-39120,Integer Overflow in sensor driver,"In sensor driver, there is a possible out of bounds write due to a missing bounds check. This could lead to local denial of service in kernel.",Android,CWE-120 Buffer Overflow,Local,Medium,5.3,CVSS:3.1/AV:L/AC:L/PR:H/UI:R/S:U/C:L/I:L/A:H,SC9863A/SC9832E/SC7731E/T610/T310/T606/T760/T610/T618/T606/T612/T616/T760/T770/T820/S8000,Android10/Android11/Android12,2022-11-08,https://www.unisoc.com/en/support/product-security-bulletin/1575020929476526082
CVE-2022-39115,Denial of service in Music service,"In Music service, there is a missing permission check. This could lead to local denial of service in Music service with no additional execution privileges needed.",Android,CWE-862 Missing Authorization,Local,Medium,5.1,CVSS:3.1/AV:L/AC:L/PR:N/UI:N/S:U/C:N/I:L/A:L,SC9863A/SC9832E/SC7731E/T610/T310/T606/T760/T610/T618/T606/T612/T616/T760/T770/T820/S8000,Android10/Android11,2022-11-08,https://www.unisoc.com/en/support/product-security-bulletin/1575020929476526082
CVE-2022-39114,Denial of service in Music service,"In Music service, there is a missing permission check. This could lead to local denial of service in Music service with no additional execution privileges needed.",Android,CWE-862 Missing Authorization,Local,Medium,5.1,CVSS:3.1/AV:L/AC:L/PR:N/UI:N/S:U/C:N/I:L/A:L,SC9863A/SC9832E/SC7731E/T610/T310/T606/T760/T610/T618/T606/T612/T616/T760/T770/T820/S8000,Android10/Android11,2022-11-08,https://www.unisoc.com/en/support/product-security-bulletin/1575020929476526082
CVE-2022-39113,Denial of service in Music service,"In Music service, there is a missing permission check. This could lead to local denial of service in Music service with no additional execution privileges needed.",Android,CWE-862 Missing Authorization,Local,Medium,5.1,CVSS:3.1/AV:L/AC:L/PR:N/UI:N/S:U/C:N/I:L/A:L,SC9863A/SC9832E/SC7731E/T610/T310/T606/T760/T610/T618/T606/T612/T616/T760/T770/T820/S8000,Android10/Android11,2022-11-08,https://www.unisoc.com/en/support/product-security-bulletin/1575020929476526082
CVE-2022-39112,Denial of service in Music service,"In Music service, there is a missing permission check. This could lead to local denial of service in Music service with no additional execution privileges needed.",Android,CWE-862 Missing Authorization,Local,Medium,5.1,CVSS:3.1/AV:L/AC:L/PR:N/UI:N/S:U/C:N/I:L/A:L,SC9863A/SC9832E/SC7731E/T610/T310/T606/T760/T610/T618/T606/T612/T616/T760/T770/T820/S8000,Android10/Android11,2022-11-08,https://www.unisoc.com/en/support/product-security-bulletin/1575020929476526082
CVE-2022-39111,Denial of service in Music service,"In Music service, there is a missing permission check. This could lead to elevation of privilege in Music service with no additional execution privileges needed.",Android,CWE-862 Missing Authorization,Local,Medium,5.1,CVSS:3.1/AV:L/AC:L/PR:N/UI:N/S:U/C:N/I:L/A:L,SC9863A/SC9832E/SC7731E/T610/T310/T606/T760/T610/T618/T606/T612/T616/T760/T770/T820/S8000,Android10/Android11/Android12,2022-11-08,https://www.unisoc.com/en/support/product-security-bulletin/1575020929476526082
CVE-2022-39110,Denial of service in Music service,"In Music service, there is a missing permission check. This could lead to elevation of privilege in Music service with no additional execution privileges needed.",Android,CWE-862 Missing Authorization,Local,Medium,5.1,CVSS:3.1/AV:L/AC:L/PR:N/UI:N/S:U/C:N/I:L/A:L,SC9863A/SC9832E/SC7731E/T610/T310/T606/T760/T610/T618/T606/T612/T616/T760/T770/T820/S8000,Android10/Android11/Android12,2022-11-08,https://www.unisoc.com/en/support/product-security-bulletin/1575020929476526082
CVE-2022-39109,Denial of service in Music service,"In Music service, there is a missing permission check. This could lead to elevation of privilege in Music service with no additional execution privileges needed.",Android,CWE-862 Missing Authorization,Local,Medium,5.1,CVSS:3.1/AV:L/AC:L/PR:N/UI:N/S:U/C:N/I:L/A:L,SC9863A/SC9832E/SC7731E/T610/T310/T606/T760/T610/T618/T606/T612/T616/T760/T770/T820/S8000,Android10/Android11,2022-11-08,https://www.unisoc.com/en/support/product-security-bulletin/1575020929476526082
CVE-2022-39108,Denial of service in Music service,"In Music service, there is a missing permission check. This could lead to elevation of privilege in Music service with no additional execution privileges needed.",Android,CWE-862 Missing Authorization,Local,Medium,5.1,CVSS:3.1/AV:L/AC:L/PR:N/UI:N/S:U/C:N/I:L/A:L,SC9863A/SC9832E/SC7731E/T610/T310/T606/T760/T610/T618/T606/T612/T616/T760/T770/T820/S8000,Android10/Android11/Android12,2022-11-08,https://www.unisoc.com/en/support/product-security-bulletin/1575020929476526082
CVE-2022-38679,Denial of service in music service,"In music service, there is a missing permission check. This could lead to local denial of service in music service with no additional execution privileges needed.",Android,CWE-400 Uncontrolled Resource Consumption,Local,Medium,5.5,CVSS:3.1/AV:L/AC:L/PR:N/UI:R/S:U/C:N/I:N/A:H,SC9863A/SC9832E/SC7731E/T610/T310/T606/T760/T610/T618/T606/T612/T616/T760/T770/T820/S8000,Android10/Android11/Android12,2022-11-08,https://www.unisoc.com/en/support/product-security-bulletin/1575020929476526082
CVE-2022-39107,Elevation of privilege in Soundrecorder service,"Elevation of privilege in Soundrecorder service In Soundrecorder service, there is a missing permission check. This could lead to elevation of privilege in Soundrecorder service with no additional execution privileges needed.",Android,CWE-862 Missing Authorization,Local,Medium,5.1,CVSS:3.1/AV:L/AC:L/PR:N/UI:N/S:U/C:N/I:L/A:L,SC9863A/SC9832E/SC7731E/T610/T310/T606/T760/T610/T618/T606/T612/T616/T760/T770/T820/S8000,Android10/Android11/Android12,2022-11-08,https://www.unisoc.com/en/support/product-security-bulletin/1575020929476526082
CVE-2022-39103,Denial of service in Gallery service,"In Gallery service, there is a missing permission check. This could lead to local denial of service in Gallery service with no additional execution privileges needed.",Android,CWE-862 Missing Authorization,Local,Medium,5.5,CVSS:3.1/AV:L/AC:L/PR:N/UI:R/S:U/C:N/I:N/A:H,SC9863A/SC9832E/SC7731E/T610/T310/T606/T760/T610/T618/T606/T612/T616/T760/T770/T820/S8000,Android10/Android11/Android12,2022-11-08,https://www.unisoc.com/en/support/product-security-bulletin/1575020929476526082
CVE-2022-39080,Elevation of privilege in messaging service,"In messaging service, there is a missing permission check. This could lead to elevation of privilege in contacts service with no additional execution privileges needed.",Android,CWE-862 Missing Authorization,Local,Medium,6.2,CVSS:3.1/AV:L/AC:L/PR:N/UI:N/S:U/C:H/I:N/A:N,SC9863A/SC9832E/SC7731E/T610/T310/T606/T760/T610/T618/T606/T612/T616/T760/T770/T820/S8000,Android10/Android11/Android12,2022-11-08,https://www.unisoc.com/en/support/product-security-bulletin/1575020929476526082
CVE-2022-38698,Elevation of privilege in messaging service,"In messaging service, there is a missing permission check. This could lead to elevation of privilege in contacts service with no additional execution privileges needed.",Android,CWE-862 Missing Authorization,Local,Medium,6.2,CVSS:3.1/AV:L/AC:L/PR:N/UI:N/S:U/C:H/I:N/A:N,SC9863A/SC9832E/SC7731E/T610/T310/T606/T760/T610/T618/T606/T612/T616/T760/T770/T820/S8000,Android10/Android11/Android12,2022-11-08,https://www.unisoc.com/en/support/product-security-bulletin/1575020929476526082
CVE-2022-38697,Elevation of privilege in messaging service,"In messaging service, there is a missing permission check. This could lead to access unexpected provider in contacts service with no additional execution privileges needed.",Android,CWE-862 Missing Authorization,Local,Medium,6.2,CVSS:3.1/AV:L/AC:L/PR:N/UI:N/S:U/C:H/I:N/A:N,SC9863A/SC9832E/SC7731E/T610/T310/T606/T760/T610/T618/T606/T612/T616/T760/T770/T820/S8000,Android10/Android11/Android12,2022-11-08,https://www.unisoc.com/en/support/product-security-bulletin/1575020929476526082
CVE-2022-39117,Information disclosure in messaging service,"In messaging service, there is a missing permission check. This could lead to local information disclosure with no additional execution privileges needed.",Android,CWE-862 Missing Authorization,Local,Medium,6.2,CVSS:3.1/AV:L/AC:L/PR:N/UI:N/S:U/C:H/I:N/A:N,SC9863A/SC9832E/SC7731E/T610/T310/T606/T760/T610/T618/T606/T612/T616/T760/T770/T820/S8000,Android10/Android11/Android12,2022-11-08,https://www.unisoc.com/en/support/product-security-bulletin/1575020929476526082
CVE-2022-38687,Denial of service in messaging service,"In messaging service, there is a missing permission check. This could lead to local denial of service in messaging service with no additional execution privileges needed.",Android,CWE-400 Uncontrolled Resource Consumption,Local,Medium,5.5,CVSS:3.1/AV:L/AC:L/PR:N/UI:R/S:U/C:N/I:N/A:H,SC9863A/SC9832E/SC7731E/T610/T310/T606/T760/T610/T618/T606/T612/T616/T760/T770/T820/S8000,Android10/Android11/Android12,2022-11-08,https://www.unisoc.com/en/support/product-security-bulletin/1575020929476526082
CVE-2022-38677,Denial of service in cellbroadcastreceiver,"In cell service, there is a missing permission check. This could lead to local denial of service in cell service with no additional execution privileges needed.",Android,CWE-400 Uncontrolled Resource Consumption,Local,Medium,5.1,CVSS:3.1/AV:L/AC:L/PR:N/UI:N/S:U/C:N/I:L/A:L,SC9863A/SC9832E/SC7731E/T610/T310/T606/T760/T610/T618/T606/T612/T616/T760/T770/T820/S8000,Android10/Android11/Android12,2022-11-08,https://www.unisoc.com/en/support/product-security-bulletin/1575020929476526082
CVE-2022-38689,Information disclosure in telephony service,"In telephony service, there is a missing permission check. This could lead to local information disclosure with no additional execution privileges needed.",Android,CWE-200 Information Exposure,Local,Medium,6.2,CVSS:3.1/AV:L/AC:L/PR:N/UI:N/S:U/C:H/I:N/A:N,"CVSS:3.1, SC9863A/SC9832E/SC7731E/T610/T310/T606/T760/T610/T618/T606/T612/T616/T760/T770/T820/S8000",Android10/Android11/Android12,2022-11-08,https://www.unisoc.com/en/support/product-security-bulletin/1575020929476526082
CVE-2022-38688,Information disclosure in telephony service,"In telephony service, there is a missing permission check. This could lead to local information disclosure with no additional execution privileges needed.",Android,CWE-200 Information Exposure,Local,Medium,6.2,CVSS:3.1/AV:L/AC:L/PR:N/UI:N/S:U/C:H/I:N/A:N,SC9863A/SC983 SC9863A/SC9832E/SC7731E/T610/T310/T606/T760/T610/T618/T606/T612/T616/T760/T770/T820/S8000,Android10/Android11/Android12,2022-11-08,https://www.unisoc.com/en/support/product-security-bulletin/1575020929476526082
CVE-2022-38671,Heap-based buffer overflow in camera driver,"In camera driver, there is a possible out of bounds write due to a missing bounds check. This could lead to local denial of service in kernel.",Kernel,CWE-126 Buffer Over-read,Local,Medium,6.8,CVSS:3.1/AV:L/AC:L/PR:N/UI:N/S:U/C:N/I:H/A:L,SC9863A/SC9832E/SC7731E/T610/T310/T606/T760/T610/T618/T606/T612/T616/T760/T770/T820/S8000,Android10/Android11/Android12,2022-11-08,https://www.unisoc.com/en/support/product-security-bulletin/1575020929476526082
CVE-2022-38676,Heap-based buffer overflow in gpu driver,"In gpu driver, there is a possible out of bounds write due to a missing bounds check. This could lead to local denial of service in kernel.",Kernel,CWE-787 Out-of-bounds Write,Local,High,7.3,CVSS:3.1/AV:L/AC:L/PR:N/UI:N/S:U/C:H/I:L/A:L,SC9863A/SC9832E/SC7731E/T610/T310/T606/T760/T610/T618/T606/T612/T616/T760/T770/T820/S8000,Android10/Android11/Android12,2022-11-08,https://www.unisoc.com/en/support/product-security-bulletin/1575020929476526082
CVE-2022-39105,Integer Overflow in sensor driver,"In sensor driver, there is a possible out of bounds write due to a missing bounds check. This could lead to local denial of service in kernel.",Kernel,CWE-119,Local,High,7.9,CVSS:3.1/AV:L/AC:L/PR:N/UI:N/S:C/C:L/I:H/A:N,SC9863A/SC9832E/SC7731E/T610/T310/T606/T760/T610/T618/T606/T612/T616/T760/T770/T820/S8000,Android10/Android11/Android12,2022-11-08,https://www.unisoc.com/en/support/product-security-bulletin/1575020929476526082
CVE-2022-2985,Elevation of privilege in Music service,"In music service, there is a missing permission check. This could lead to elevation of privilege in contacts service with no additional execution privileges needed.",Android,CWE-862 Missing Authorization,Local,High,7.3,CVSS:3.1/AV:L/AC:L/PR:N/UI:N/S:U/C:H/I:L/A:L,SC9863A/SC9832E/SC7731E/T610/T310/T606/T760/T610/T618/T606/T612/T616/T760/T770/T820/S8000,Android10/Android11,2022-11-08,https://www.unisoc.com/en/support/product-security-bulletin/1575020929476526082
CVE-2022-38670,Elevation of privilege in soundrecorder service,"In soundrecorder service, there is a missing permission check. This could lead to elevation of privilege in contacts service with no additional execution privileges needed.",Android,CWE-862 Missing Authorization,Local,High,7.3,CVSS:3.1/AV:L/AC:L/PR:N/UI:N/S:U/C:H/I:L/A:L,SC9863A/SC9832E/SC7731E/T610/T310/T606/T760/T610/T618/T606/T612/T616/T760/T770/T820/S8000,Android10/Android11/Android12,2022-11-08,https://www.unisoc.com/en/support/product-security-bulletin/1575020929476526082
CVE-2022-38669,Elevation of privilege in soundrecorder service,"In soundrecorder service, there is a missing permission check. This could lead to elevation of privilege in contacts service with no additional execution privileges needed.",Android,CWE-862 Missing Authorization,Local,High,7.3,CVSS:3.1/AV:L/AC:L/PR:N/UI:N/S:U/C:H/I:L/A:L,SC9863A/SC9832E/SC7731E/T610/T310/T606/T760/T610/T618/T606/T612/T616/T760/T770/T820/S8000,Android10/Android11/Android12,2022-11-08,https://www.unisoc.com/en/support/product-security-bulletin/1575020929476526082
CVE-2022-2984,Heap-based buffer overflow in jpg driver,"In jpg driver, there is a possible out of bounds write due to a missing bounds check. This could lead to local denial of service in kernel.",Kernel,CWE-787 Out-of-bounds Write,Local,High,7.9,CVSS:3.1/AV:L/AC:L/PR:N/UI:N/S:C/C:L/I:H/A:N,SC9863A/SC9832E/SC7731E/T610/T310/T606/T760/T610/T618/T606/T612/T616/T760/T770/T820/S8000,Android10/Android11/Android12,2022-11-08,https://www.unisoc.com/en/support/product-security-bulletin/1575020929476526082
CVE-2022-38673,Buffer Over-read in face detect driver,"In face detect driver, there is a possible out of bounds write due to a missing bounds check. This could lead to local denial of service in kernel.",Kernel,CWE-126 Buffer Over-read,Local,High,7.9,CVSS:3.1/AV:L/AC:L/PR:N/UI:N/S:C/C:L/I:H/A:N,SC9863A/SC9832E/SC7731E/T610/T310/T606/T760/T610/T618/T606/T612/T616/T760/T770/T820/S8000,Android10/Android11/Android12,2022-11-08,https://www.unisoc.com/en/support/product-security-bulletin/1575020929476526082
CVE-2022-38672,Stack-based Buffer Overflow in face detect driver,"In face detect driver, there is a possible out of bounds write due to a missing bounds check. This could lead to local denial of service in kernel.",Kernel,CWE-121 Stack-based Buffer Overflow,Local,High,7.9,CVSS:3.1/AV:L/AC:L/PR:N/UI:N/S:C/C:L/I:H/A:N,"CVSS:3.1, AV:L, AC:L, PR:N, UI:N, S:C, C:L, I:H, A:N",,2022-11-08,https://www.unisoc.com/en/support/product-security-bulletin/1575020929476526082
CVE-2022-38690,Improper restriction of operations within the bounds of a memory buffer in camera driver,"In camera driver, there is a possible memory corruption due to improper locking. This could lead to local denial of service in kernel.",Kernel,CWE-119,Local,High,7.9,CVSS:3.1/AV:L/AC:L/PR:N/UI:N/S:C/C:L/I:H/A:N,SC9863A/SC9832E/SC7731E/T610/T310/T606/T760/T610/T618/T606/T612/T616/T760/T770/T820/S8000,Android10/Android11/Android12,2022-11-08,https://www.unisoc.com/en/support/product-security-bulletin/1575020929476526082
CVE-2022-20440,Denial of service in Messaging service,"In Messaging, There has unauthorized broadcast, this could cause Local Deny of Service",Android,CWE-862 Missing Authorization,Local,High,7.3,"CVSS:3.1, AV:N, AC:L, PR:N, UI:N, S:U, C:L, I:L, A:L",SC9863A/SC9832E/SC7731E/T610/T310/T606/T760/T610/T618/T606/T612/T616/T760/T770/T820/S8000,Android10/Android11/Android12,2022-10-05,https://www.unisoc.com/en/support/product-security-bulletin/1567707066913587202
CVE-2022-20439,Denial of service in Messaging service,"In Messaging, There has unauthorized provider, this could cause Local Deny of Service",Android,CWE-862 Missing Authorization,Local,High,7.3,"CVSS:3.1, AV:N, AC:L, PR:N, UI:N, S:U, C:L, I:L, A:L",SC9863A/SC9832E/SC7731E/T610/T310/T606/T760/T610/T618/T606/T612/T616/T760/T770/T820/S8000,Android10/Android11/Android12,2022-10-05,https://www.unisoc.com/en/support/product-security-bulletin/1567707066913587202
CVE-2022-20438,Denial of service in Messaging service,"In Messaging, There has unauthorized broadcast, this could cause Local Deny of Service",Android,CWE-862 Missing Authorization,Local,High,7.3,"CVSS:3.1, AV:N, AC:L, PR:N, UI:N, S:U, C:L, I:L, A:L",SC9863A/SC9832E/SC7731E/T610/T310/T606/T760/T610/T618/T606/T612/T616/T760/T770/T820/S8000,Android10/Android11/Android12,2022-10-05,https://www.unisoc.com/en/support/product-security-bulletin/1567707066913587202
CVE-2022-20437,Denial of service in Messaging service,"In Messaging, There has unauthorized broadcast, this could cause Local Deny of Service",Android,CWE-862 Missing Authorization,Local,High,7.3,"CVSS:3.1, AV:N, AC:L, PR:N, UI:N, S:U, C:L, I:L, A:L",SC9863A/SC9832E/SC7731E/T610/T310/T606/T760/T610/T618/T606/T612/T616/T760/T770/T820/S8000,Android10/Android11/Android12,2022-10-05,https://www.unisoc.com/en/support/product-security-bulletin/1567707066913587202
CVE-2022-20436,Elevation of privilege in Settings service,"There is an unauthorized service in the system service. Since the component does not have permission check, resulting in Local Elevation of privilege",Android,CWE-862 Missing Authorization,Local,High,7.3,"CVSS:3.1, AV:N, AC:L, PR:N, UI:N, S:U, C:L, I:L, A:L",SC9863A/SC9832E/SC7731E/T610/T310/T606/T760/T610/T618/T606/T612/T616/T760/T770/T820/S8000,Android10/Android11/Android12,2022-10-05,https://www.unisoc.com/en/support/product-security-bulletin/1567707066913587202
CVE-2022-20435,Elevation of privilege in Settings service,"Elevatio There is a Unauthorized service in the system service, may cause the system reboot. Since the component does not have permission check and permission protection, resulting in EoP problem",Android,CWE-862 Missing Authorization,Local,High,7.3,"CVSS:3.1, AV:N, AC:L, PR:N, UI:N, S:U, C:L, I:L, A:L",SC9863A/SC9832E/SC7731E/T610/T310/T606/T760/T610/T618/T606/T612/T616/T760/T770/T820/S8000,Android10/Android11/Android12,2022-10-05,https://www.unisoc.com/en/support/product-security-bulletin/1567707066913587202
CVE-2022-20434,Elevation of privilege in telephony service,"There is an missing authorization issue in the system service. Since the component does not have permission check , resulting in Local Elevation of privilege",Android,CWE-862 Missing Authorization,Local,High,7.3,"CVSS:3.1, AV:N, AC:L, PR:N, UI:N, S:U, C:L, I:L, A:L",SC9863A/SC9832E/SC7731E/T610/T310/T606/T760/T610/T618/T606/T612/T616/T760/T770/T820/S8000,Android10/Android11/Android12,2022-10-05,https://www.unisoc.com/en/support/product-security-bulletin/1567707066913587202
CVE-2022-20433,Elevation of privilege in telephony service,"There is an missing authorization issue in the system service. Since the component does not have permission check , resulting in Local Elevation of privilege",Android,CWE-862 Missing Authorization,Local,High,7.3,"CVSS:3.1, AV:N, AC:L, PR:N, UI:N, S:U, C:L, I:L, A:L",SC9863A/SC9832E/SC7731E/T610/T310/T606/T760/T610/T618/T606/T612/T616/T760/T770/T820/S8000,Android10/Android11/Android12,2022-10-05,https://www.unisoc.com/en/support/product-security-bulletin/1567707066913587202
CVE-2022-20432,Elevation of privilege in telephony service,"There is an missing authorization issue in the system service. Since the component does not have permission check , resulting in Local Elevation of privilege",Android,CWE-862 Missing Authorization,Local,High,7.3,"CVSS:3.1, AV:N, AC:L, PR:N, UI:N, S:U, C:L, I:L, A:L",SC9863A/SC9832E/SC7731E/T610/T310/T606/T760/T610/T618/T606/T612/T616/T760/T770/T820/S8000,Android10/Android11/Android12,2022-10-05,https://www.unisoc.com/en/support/product-security-bulletin/1567707066913587202
CVE-2022-20431,Elevation of privilege in telephony service,"There is an missing authorization issue in the system service. Since the component does not have permission check , resulting in Local Elevation of privilege",Android,CWE-862 Missing Authorization,Local,High,7.3,"CVSS:3.1, AV:N, AC:L, PR:N, UI:N, S:U, C:L, I:L, A:L",SC9863A/SC9832E/SC7731E/T610/T310/T606/T760/T610/T618/T606/T612/T616/T760/T770/T820/S8000,Android10/Android11/Android12,2022-10-05,https://www.unisoc.com/en/support/product-security-bulletin/1567707066913587202
CVE-2022-20430,Elevation of privilege in telephony service,"There is an missing authorization issue in the system service. Since the component does not have permission check , resulting in Local Elevation of privilege",Android,CWE-862 Missing Authorization,Local,High,7.3,"CVSS:3.1, AV:N, AC:L, PR:N, UI:N, S:U, C:L, I:L, A:L",SC9863A/SC9832E/SC7731E/T610/T310/T606/T760/T610/T618/T606/T612/T616/T760/T770/T820/S8000,Android10/Android11/Android12,2022-10-05,https://www.unisoc.com/en/support/product-security-bulletin/1567707066913587202
CVE-2022-39119,Elevation of privilege in network service,"In network service, there is a missing permission check. This could lead to local escalation of privilege with no additional execution privileges needed. A10:PATCH01049097, A11: PATCH01049113, A12: PATCH01049126",Android,CWE-862 Missing Authorization,Local,HIGH,7.2,CVSS:3.1/AV:L/AC:H/PR:H/UI:R/S:C/C:H/I:H/A:H,SC9863A/SC9832E/SC7731E/T610/T310/T606/T760/T610/T618/T606/T612/T616/T760/T770/T820/S8000,Android10/Android11/Android12,2022-10-05,https://www.unisoc.com/en/support/product-security-bulletin/1567707066913587202
CVE-2022-39119,Elevation of privilege in network service,"In network service, there is a missing permission check. This could lead to local escalation of privilege with System execution privileges needed.",Kernel,CWE-862 Missing Authorization,Local,High,7.2,CVSS:3.1 AV:L/AC:H/PR:H/UI:R/S:C/C:H/I:H/A:H,SC9863A/SC9832E/SC7731E/T610/T310/T606/T760/T610/T618/T606/T612/T616/T760/T770/T820/S8001,Android10/Android11/Android12,2022-09-05,https://www.unisoc.com/en/support/product-security-bulletin/1584434485204684801
CVE-2022-27250,Privilege Permission Leakage in One App,"Sprdautoslt lacks permission checks, resulting privilege escalation.",System,CWE-862 Missing Authorization,Local,High,7.8,CVSS:3.1/AV:L/AC:L/PR:N/UI:R/S:U/C:H/I:H/A:H/E:F/RC:C,SC9863A/SC9832E/SC7731E/UMS512/UMS312/UMS9230/UMS9620,Android9/Android10/Android11,2022-04-04,https://www.unisoc.com/en/support/product-security-bulletin/1532193199248969729
CVE-2021-39636,Elevation of Privilege in net service,"Net service does not verify the permission, so the caller may cause Elevation of Privilege issue.",System,CWE-862 Missing Authorization,Local,High,7.3,CVSS:3.1/AV:L/AC:L/PR:N/UI:R/S:U/C:H/I:L/A:L/E:F/RC:C,SC9863A/SC9832E/SC7731E/UMS512/UMS312/UMS9230/UMS9620,Android10/Android11/Android12,2022-02-07,https://www.unisoc.com/en/support/product-security-bulletin/1533654560416014338
CVE-2021-39635,Elevation of Privilege in net service,Do not check the Authorization may cause Elevation of Privilege issue of VoLTE.,System,CWE-862 Missing Authorization,Local,High,7.3,CVSS:3.1/AV:L/AC:L/PR:N/UI:R/S:U/C:H/I:L/A:L/E:F/RC:C,SC9863A/SC9832E/SC7731E/UMS512/UMS312/UMS9230/UMS9620,Android10/Android11/Android12,2022-02-07,https://www.unisoc.com/en/support/product-security-bulletin/1533654560416014338
CVE-2021-39616,IPSec Server has EoP Vulnerability,"Do not c Do not check the privileges of IPSEC Server , causing local privilege escalation",System,CWE-78 OS Command Injection,Local,High,7.3,CVSS:3.1/AV:L/AC:L/PR:N/UI:R/S:U/C:H/I:L/A:L/E:F/RC:C,SC9863A/SC9832E/SC7731E/UMS512/UMS312/UMS9230/UMS9620,Android10/Android11/Android12,2022-02-07,https://www.unisoc.com/en/support/product-security-bulletin/1533654560416014338
CVE-2021-1049,arbitrary file read issue of log service,Inappropriate permission of log service may cause information leakage,system,CWE-200 Information Disclosure,CWE-200 Information Disclosure,Local,7.3,CVSS:3.1/AV:L/AC:L/PR:N/UI:R/S:U/C:H/I:L/A:L/E:F/RC:C,SC9863A/SC9832E/SC7731E/UMS512/UMS312/UMS9230/UMS9620,Android10/Android11/Android12,2022-01-03,https://www.unisoc.com/en/support/product-security-bulletin/1533656889827598338
CVE-2021-0636,memory corruption when extracting malformed avi file,Do not check the array size cause Memory Corruption,Kernel,CWE-119 Memory Corruption - Generic,Local,High,7.1,CVSS:3.1/AV:N/AC:L/PR:N/UI:R/S:U/C:H/I:L/A:L/E:F/RC:C,SC9863A/SC9832E/SC7731E/UMS512/UMS312/UMS9230/UMS9620,Android10/Android11/Android12,2021-09-01,https://www.unisoc.com/en/support/product-security-bulletin/1533657314966446081
CVE-2021-0635,Memory corruption when extracting malformed flv file,Video driver do not check the array size cause Memory Corruption,Kernel,CWE-119 Memory Corruption - Generic,Local,High,7.1,CVSS:3.1/AV:N/AC:L/PR:N/UI:R/S:U/C:H/I:L/A:L/E:F/RC:C,SC9863A/SC9832E/SC7731E/UMS512/UMS312/UMS9230/UMS9620,Android10/Android11/Android12,2021-09-01,https://www.unisoc.com/en/support/product-security-bulletin/1533657314966446081
